No.	Accession	Taxon_name
1	GCA_000069225.1	Clavibacter sepedonicus
2	GCA_000350525.1	Leucobacter salsicius
3	GCA_000381765.1	Gulosibacter faecalis
4	GCA_000419445.1	Gryllotalpicola ginsengisoli
5	GCA_000421145.1	Glaciibacter superstes
6	GCA_000421545.1	Agromyces italicus
7	GCA_000421565.1	Agromyces subbeticus
8	GCA_000421825.1	Humibacter albus
9	GCA_000421845.1	Leucobacter chironomi
10	GCA_000422385.1	Microbacterium indicum
11	GCA_000422405.1	Microbacterium luticocti
12	GCA_000422745.1	Microbacterium gubbeenense
13	GCA_000423505.1	Pseudoclavibacter soli
14	GCA_000425105.1	Agrococcus lahaulensis
15	GCA_000425325.1	Rathayibacter toxicus
16	GCA_000425685.1	Gulosibacter molinativorax
17	GCA_000469485.1	Leifsonia aquatica
18	GCA_000470775.1	Leifsonia xyli subsp. cynodontis
19	GCA_000477555.1	Leifsonia rubra
20	GCA_000699505.1	Rhodoluna lacicola
21	GCA_000718085.1	Mycetocola saprophilus
22	GCA_000763375.1	Microbacterium profundi
23	GCA_000764165.1	Cryobacterium roopkundense
24	GCA_000802305.1	Microbacterium mangrovi
25	GCA_000826185.2	Microbacterium gorillae
26	GCA_000938265.1	Agreia bicolorata
27	GCA_000956465.1	Microbacterium trichothecenolyticum
28	GCA_000956535.1	Microbacterium ginsengisoli
29	GCA_000956545.1	Microbacterium azadirachtae
30	GCA_000956575.1	Microbacterium ketosireducens
31	GCA_001273835.1	Leucobacter celer subsp. astrifaciens
32	GCA_001273845.1	Leucobacter musarum subsp. musarum
33	GCA_001273855.1	Leucobacter japonicus
34	GCA_001280205.1	Clavibacter capsici
35	GCA_001456955.1	Microbacterium enclense
36	GCA_001552355.1	Microbacterium resistens
37	GCA_001552475.1	Microbacterium oleivorans
38	GCA_001570905.1	Zimmermannella alba
39	GCA_001570925.1	Gulosibacter bifidus
40	GCA_001571005.1	Herbiconiux solani
41	GCA_001571045.1	Curtobacterium ammoniigenes
42	GCA_001592125.1	Microbacterium hominis
43	GCA_001660485.1	Agromyces aureus
44	GCA_001854225.1	Rhodoluna planktonica
45	GCA_001974985.1	Microbacterium aurum
46	GCA_002096055.1	Cnuibacter physcomitrellae
47	GCA_002240565.1	Clavibacter insidiosus
48	GCA_002240575.1	Clavibacter michiganensis subsp. michiganensis
49	GCA_002240635.1	Clavibacter tessellarius
50	GCA_002355535.1	Aurantimicrobium minutum
51	GCA_002563955.1	Microbacterium agarici
52	GCA_002797685.1	Salinibacterium amurskyense
53	GCA_002797715.1	Diaminobutyricimonas aerilata
54	GCA_002797855.1	Compostimonas suwonensis
55	GCA_002909375.1	Cryobacterium zongtaii
56	GCA_002932875.1	Rathayibacter tritici
57	GCA_002936985.1	Microterricola pindariensis
58	GCA_002950575.1	Pontimonas salivibrio
59	GCA_002954245.1	Cryobacterium aureum
60	GCA_002982315.1	Leucobacter massiliensis
61	GCA_003003265.1	Glaciihabitans tibetensis
62	GCA_003014675.1	Labedella gwakjiensis
63	GCA_003044275.1	Rathayibacter caricis
64	GCA_003065425.1	Mycetocola zhujimingii
65	GCA_003065485.1	Salinibacterium hongtaonis
66	GCA_003067705.1	Planctomonas deserti
67	GCA_003097495.1	Amnibacterium flavum
68	GCA_003185895.1	Cryobacterium arcticum
69	GCA_003339645.1	Microbacterium arborescens
70	GCA_003367705.1	Microbacterium foliorum
71	GCA_003569805.1	Microbacterium halotolerans
72	GCA_003634555.1	Frondihabitans australicus
73	GCA_003651225.1	Microbacterium telephonicum
74	GCA_003667525.1	Mycetocola reblochoni
75	GCA_003667545.1	Mycetocola manganoxydans
76	GCA_003667575.1	Mycetocola lacteus
77	GCA_003668565.1	Mycetocola zhadangensis
78	GCA_003752465.1	Agrococcus jenensis
79	GCA_003755125.1	Plantibacter flavus
80	GCA_003990045.1	Labedella endophytica
81	GCA_003991875.1	Microbacterium lemovicicum
82	GCA_004011095.1	Rathayibacter rathayi
83	GCA_004011115.1	Rathayibacter iranicus
84	GCA_004011135.1	Rathayibacter festucae
85	GCA_004028235.1	Leucobacter muris
86	GCA_004134805.1	Agromyces atrinae
87	GCA_004134825.1	Agromyces albus
88	GCA_004134865.1	Agromyces fucosus
89	GCA_004135055.1	Agromyces binzhouensis
90	GCA_004208635.1	Leucobacter triazinivorans
91	GCA_004216665.1	Agromyces ramosus
92	GCA_004216855.1	Microcella alkaliphila
93	GCA_004217175.1	Leucobacter luti
94	GCA_004217495.1	Microterricola gilva
95	GCA_004310685.1	Glaciihabitans arcticus
96	GCA_004364555.1	Amnibacterium kyonggiense
97	GCA_004365915.1	Cryobacterium psychrophilum
98	GCA_004402405.1	Cryobacterium levicorallinum
99	GCA_004564075.1	Microbacterium sediminis
100	GCA_004564325.1	Cryobacterium psychrotolerans
101	GCA_004570845.1	Leifsonia flava
102	GCA_005845365.1	Rhodoluna limnophila
103	GCA_006539145.1	Microbacterium testaceum
104	GCA_006539765.1	Microbacterium liquefaciens
105	GCA_006715175.1	Curtobacterium citreum
106	GCA_006716115.1	Subtercola boreus
107	GCA_006716125.1	Homoserinimonas aerilata
108	GCA_006716545.1	Microcella putealis
109	GCA_007988785.1	Agrococcus baldri
110	GCA_008017415.1	Microbacterium hatanonis
111	GCA_008868025.1	Microbacterium oxydans
112	GCA_008868125.1	Microbacterium maritypicum
113	GCA_900099705.1	Agrococcus jejuensis
114	GCA_900100885.1	Microbacterium pygmaeum
115	GCA_900102345.1	Leucobacter chromiiresistens
116	GCA_900104685.1	Agromyces flavus
117	GCA_900104705.1	Agrococcus carbonis
118	GCA_900104895.1	Microterricola viridarii
119	GCA_900105205.1	Microbacterium hydrocarbonoxydans
120	GCA_900105335.1	Microbacterium paraoxydans
121	GCA_900105715.1	Microbacterium humi
122	GCA_900142065.1	Agromyces cerinus subsp. cerinus
123	GCA_900163565.1	Agrococcus casei
124	GCA_900167575.1	Okibacterium fritillariae
125	GCA_900230175.1	Salinibacterium xinjiangense
126	jgi.1076174.1	Mycetocola miduiensis
127	jgi.1076264.1	Cryobacterium luteum
128	jgi.1076268.1	Cryobacterium flavum
129	jgi.1076294.1	Herbiconiux ginsengi
130	jgi.1118336.1	Agreia pratensis
