No.	Accession	Taxon_name
1	GCA_000007485.1	Tropheryma whipplei
2	GCA_000009765.2	Streptomyces avermitilis
3	GCA_000010425.1	Bifidobacterium adolescentis
4	GCA_000011305.1	Corynebacterium efficiens
5	GCA_000011325.1	Corynebacterium glutamicum
6	GCA_000013345.1	Frankia casuarinae
7	GCA_000014185.1	Rubrobacter xylanophilus
8	GCA_000015025.1	Acidothermus cellulolyticus
9	GCA_000016425.1	Salinispora tropica
10	GCA_000017305.1	Kineococcus radiotolerans
11	GCA_000018885.1	Renibacterium salmoninarum
12	GCA_000020425.1	Bifidobacterium longum subsp. infantis
13	GCA_000022025.1	Pseudarthrobacter chlorophenolicus
14	GCA_000022965.1	Bifidobacterium animalis subsp. lactis
15	GCA_000023145.1	Corynebacterium kroppenstedtii
16	GCA_000023245.1	Actinosynnema mirum
17	GCA_000023265.1	Acidimicrobium ferrooxidans
18	GCA_000023845.1	Cryptobacterium curtum
19	GCA_000023865.1	Saccharomonospora viridis
20	GCA_000024025.1	Catenulispora acidiphila
21	GCA_000024225.1	Lancefieldella parvula
22	GCA_000024265.1	Eggerthella lenta
23	GCA_000024345.1	Kribbella flavida
24	GCA_000024365.1	Nakamurella multipartita
25	GCA_000024385.1	Thermomonospora curvata
26	GCA_000024545.1	Stackebrandtia nassauensis
27	GCA_000024865.1	Streptosporangium roseum
28	GCA_000024925.1	Sanguibacter keddieii
29	GCA_000024965.1	Xylanimonas cellulosilytica
30	GCA_000025265.1	Conexibacter woesei
31	GCA_000025345.1	Geodermatophilus obscurus
32	GCA_000058485.1	Frankia alni
33	GCA_000062885.1	Saccharopolyspora erythraea
34	GCA_000069185.1	Mycobacteroides abscessus subsp. abscessus
35	GCA_000069225.1	Clavibacter sepedonicus
36	GCA_000092225.1	Tsukamurella paurometabola
37	GCA_000092385.1	Streptomyces bingchenggensis
38	GCA_000092645.1	Thermobispora bispora
39	GCA_000092825.1	Segniliparus rotundus
40	GCA_000092865.1	Cellulomonas flavigena
41	GCA_000143825.1	Corynebacterium genitalium
42	GCA_000143845.1	Olsenella uli
43	GCA_000145235.1	Micromonospora aurantiaca
44	GCA_000156175.1	Collinsella intestinalis
45	GCA_000156215.1	Collinsella stercoris
46	GCA_000157895.2	Mycobacterium kansasii
47	GCA_000158915.1	Streptomyces himastatinicus
48	GCA_000159015.1	Gleimia coleocanis
49	GCA_000159035.1	Actinomyces urogenitalis
50	GCA_000159115.1	Corynebacterium accolens
51	GCA_000159595.1	Corynebacterium glucuronolyticum
52	GCA_000159635.1	Corynebacterium lipophiloflavum
53	GCA_000160775.2	Aeromicrobium marinum
54	GCA_000164135.1	Mycobacterium parascrofulaceum
55	GCA_000164695.2	Rothia dentocariosa
56	GCA_000166135.1	Frankia inefficax
57	GCA_000175375.1	Corynebacterium matruchotii
58	GCA_000175615.1	Rothia mucilaginosa
59	GCA_000177535.2	Corynebacterium resistens
60	GCA_000178455.1	Brevibacterium mcbrellneri
61	GCA_000183325.2	Corynebacterium bovis
62	GCA_000184685.1	Intrasporangium calvum
63	GCA_000185725.2	Segniliparus rugosus
64	GCA_000189535.1	Pseudarthrobacter phenanthrenivorans
65	GCA_000192435.2	Gordonia neofelifaecis
66	GCA_000195315.1	Coriobacterium glomerans
67	GCA_000195955.2	Mycobacterium tuberculosis
68	GCA_000196555.1	Bifidobacterium longum subsp. longum
69	GCA_000196675.1	Pseudonocardia dioxanivorans
70	GCA_000197735.1	Glutamicibacter arilaitensis
71	GCA_000204155.1	Micromonospora maris
72	GCA_000210055.1	Gordonibacter pamelaeae
73	GCA_000218545.1	Cellvibrio gilvus
74	GCA_000220705.2	Streptomyces xinghaiensis
75	GCA_000225505.1	Gordonia alkanivorans
76	GCA_000225525.2	Streptomyces zinciresistens
77	GCA_000225705.1	Collinsella tanakaei
78	GCA_000225825.2	Brachybacterium squillarum
79	GCA_000226215.2	Dietzia alimentaria
80	GCA_000227295.1	Cutibacterium avidum
81	GCA_000231035.3	Saccharomonospora iraqiensis subsp. paurometabolica
82	GCA_000231055.3	Saccharomonospora azurea
83	GCA_000231215.1	Cutibacterium acnes subsp. defendens
84	GCA_000235425.3	Frankia saprophytica
85	GCA_000236865.1	Senegalimassilia anaerobia
86	GCA_000238915.2	Arthrobacter globiformis
87	GCA_000239155.2	Actinoalloteichus spitiensis
88	GCA_000240165.1	Streptomyces cattleya
89	GCA_000240225.2	Patulibacter medicamentivorans
90	GCA_000241265.2	Gordonia araii
91	GCA_000241305.2	Gordonia effusa
92	GCA_000241325.2	Gordonia polyisoprenivorans
93	GCA_000241345.2	Gordonia amarae
94	GCA_000243395.3	Saccharomonospora glauca
95	GCA_000244955.1	Saccharomonospora marina
96	GCA_000244975.1	Saccharomonospora cyanea
97	GCA_000247995.2	Mobilicoccus pelagius
98	GCA_000248055.2	Gordonia sputi
99	GCA_000248075.2	Gordonia otitidis
100	GCA_000253235.1	Streptomyces venezuelae
101	GCA_000258175.1	Saccharomonospora xinjiangensis
102	GCA_000260715.1	Bifidobacterium animalis subsp. animalis
103	GCA_000260815.1	Rhodococcus imtechensis
104	GCA_000262345.1	Streptomyces xiaopingdaonensis
105	GCA_000269805.1	Actinomyces massiliensis
106	GCA_000269985.1	Kitasatospora setae
107	GCA_000270245.1	Microlunatus phosphovorus
108	GCA_000277125.1	Mycobacterium intracellulare subsp. intracellulare
109	GCA_000284295.1	Actinoplanes missouriensis
110	GCA_000295095.1	Actinomyces timonensis
111	GCA_000295825.1	Mycolicibacterium vaccae
112	GCA_000296445.1	Slackia piriformis
113	GCA_000297795.2	Corynebacterium otitidis
114	GCA_000298195.1	Gordonia rhizosphera
115	GCA_000298215.1	Kineosphaera limosa
116	GCA_000298235.1	Gordonia namibiensis
117	GCA_000307245.1	Luteimicrobium xylanilyticum
118	GCA_000308375.1	Nocardia aobensis
119	GCA_000308415.1	Nocardia asiatica
120	GCA_000308435.1	Nocardia araoensis
121	GCA_000308455.1	Nocardia abscessus
122	GCA_000308495.1	Nocardia brevicatena
123	GCA_000308515.1	Nocardia carnea
124	GCA_000308535.1	Nocardia cerradoensis
125	GCA_000308575.1	Nocardia exalbida
126	GCA_000308595.1	Nocardia higoensis
127	GCA_000308615.1	Nocardia jiangxiensis
128	GCA_000308655.1	Nocardia niigatensis
129	GCA_000308675.1	Nocardia paucivorans
130	GCA_000308695.1	Nocardia takedensis
131	GCA_000308755.1	Nocardia pneumoniae
132	GCA_000308775.1	Nocardia testacea
133	GCA_000308795.1	Nocardia thailandica
134	GCA_000308815.1	Nocardia concava
135	GCA_000308835.1	Nocardia vinacea
136	GCA_000308855.1	Nocardia veterana
137	GCA_000308875.1	Nocardia transvalensis
138	GCA_000311845.1	Enorma massiliensis
139	GCA_000312005.1	Cellulomonas massiliensis
140	GCA_000312105.1	Aeromicrobium massiliense
141	GCA_000312125.1	Timonella senegalensis
142	GCA_000321165.1	Enorma timonensis
143	GCA_000327325.1	Gordonia rubripertincta
144	GCA_000328705.1	Saccharothrix espanaensis
145	GCA_000332815.1	Arthrobacter nitrophenolicus
146	GCA_000332975.1	Gordonia aichiensis
147	GCA_000332995.1	Gordonia amicalis
148	GCA_000333035.1	Gordonia sihwensis
149	GCA_000334455.1	Gordonia soli
150	GCA_000340435.3	Mycobacterium haemophilum
151	GCA_000340945.1	Nocardiopsis synnemataformans
152	GCA_000340965.1	Nocardiopsis kunsanensis
153	GCA_000340985.1	Nocardiopsis valliformis
154	GCA_000341005.1	Nocardiopsis alkaliphila
155	GCA_000341025.1	Nocardiopsis salina
156	GCA_000341065.1	Nocardiopsis halotolerans
157	GCA_000341085.1	Nocardiopsis ganjiahuensis
158	GCA_000341105.1	Nocardiopsis potens
159	GCA_000341125.1	Nocardiopsis lucentensis
160	GCA_000341145.1	Nocardiopsis xinjiangensis
161	GCA_000341185.1	Nocardiopsis chromatogenes
162	GCA_000341225.1	Nocardiopsis alba
163	GCA_000341245.1	Nocardiopsis halophila
164	GCA_000341265.1	Nocardiopsis prasina
165	GCA_000341345.1	Corynebacterium halotolerans
166	GCA_000342005.1	Amycolatopsis decaplanina
167	GCA_000342125.1	Streptomyces mobaraensis
168	GCA_000344155.1	Gordonia paraffinivorans
169	GCA_000344785.1	Corynebacterium callunae
170	GCA_000348945.1	Paeniglutamicibacter gangotriensis
171	GCA_000349325.1	Streptomyces davaonensis
172	GCA_000350145.1	Ilumatobacter nonamiensis
173	GCA_000350525.1	Leucobacter salsicius
174	GCA_000367365.1	Streptomyces prunicolor
175	GCA_000367525.2	Phycicoccus elongatus
176	GCA_000371785.1	Actinopolyspora halophila
177	GCA_000372085.1	Corynebacterium capitovis
178	GCA_000372385.1	Corynebacterium ciconiae
179	GCA_000372445.1	Corynebacterium ulceribovis
180	GCA_000372465.1	Kribbella catacumbae
181	GCA_000372745.1	Embleya scabrispora
182	GCA_000373365.1	Frankia discariae
183	GCA_000373925.1	Actinopolymorpha alba
184	GCA_000374165.1	Frankia elaeagni
185	GCA_000374305.1	Actinomadura flavalba
186	GCA_000374445.1	Actinokineospora enzanensis
187	GCA_000375365.1	Corynebacterium mastitidis
188	GCA_000375525.1	Corynebacterium propinquum
189	GCA_000376245.1	Acaricomes phytoseiuli
190	GCA_000376565.1	Streptomyces hokutonensis
191	GCA_000376825.1	Demetria terragena
192	GCA_000376885.1	Alloscardovia criceti
193	GCA_000379425.1	Corynebacterium lubricantis
194	GCA_000379465.1	Sciscionella marina
195	GCA_000379625.1	Actinomycetospora chiangmaiensis
196	GCA_000379645.1	Actinoplanes globisporus
197	GCA_000379685.1	Catelliglobosispora koreensis
198	GCA_000379705.1	Corynebacterium caspium
199	GCA_000379825.1	Longispora albida
200	GCA_000379885.1	Nonomuraea coxensis
201	GCA_000380485.1	Jongsikchunia kroppenstedtii
202	GCA_000380645.1	Smaragdicoccus niigatensis
203	GCA_000381025.1	Streptomyces sulphureus
204	GCA_000381765.1	Gulosibacter faecalis
205	GCA_000381885.1	Actinomadura atramentaria
206	GCA_000383575.1	Salinispora oceanensis
207	GCA_000383595.1	Streptomyces bottropensis
208	GCA_000383775.1	Saccharomonospora halophila
209	GCA_000383795.1	Saccharomonospora saliphila
210	GCA_000383915.1	Amycolatopsis benzoatilytica
211	GCA_000384035.1	Actinopolyspora mortivallis
212	GCA_000384115.1	Sporichthya polymorpha
213	GCA_000384215.1	Amycolatopsis alba
214	GCA_000384295.1	Amycolatopsis balhimycina
215	GCA_000384315.1	Amycolatopsis nigrescens
216	GCA_000385945.1	Streptomyces fulvissimus
217	GCA_000403355.2	Adlercreutzia caecimuris
218	GCA_000403725.1	Corynebacterium ihumii
219	GCA_000411375.1	Corynebacterium pyruviciproducens
220	GCA_000418365.1	Corynebacterium terpenotabidum
221	GCA_000418535.2	Mycobacterium intracellulare subsp. yongonense
222	GCA_000419445.1	Gryllotalpicola ginsengisoli
223	GCA_000420025.1	Patulibacter americanus
224	GCA_000420065.1	Varibaculum cambriense
225	GCA_000420405.1	Winkia neuii subsp. neuii
226	GCA_000420425.1	Schaalia vaccimaxillae
227	GCA_000420445.1	Actinotignum urinale
228	GCA_000420505.1	Alloscardovia omnicolens
229	GCA_000420565.1	Bifidobacterium magnum
230	GCA_000420605.1	Corynebacterium massiliense
231	GCA_000420685.1	Gordonia hirsuta
232	GCA_000420805.1	Yaniella halotolerans
233	GCA_000421145.1	Glaciibacter superstes
234	GCA_000421185.1	Ornithinimicrobium pekingense
235	GCA_000421245.1	Serinicoccus marinus
236	GCA_000421525.1	Aestuariimicrobium kwangyangense
237	GCA_000421545.1	Agromyces italicus
238	GCA_000421565.1	Agromyces subbeticus
239	GCA_000421745.1	Nesterenkonia alba
240	GCA_000421825.1	Humibacter albus
241	GCA_000421845.1	Leucobacter chironomi
242	GCA_000422385.1	Microbacterium indicum
243	GCA_000422405.1	Microbacterium luticocti
244	GCA_000422625.1	Adlercreutzia mucosicola
245	GCA_000422745.1	Microbacterium gubbeenense
246	GCA_000422805.1	Nocardioides halotolerans
247	GCA_000422825.1	Nocardioides insulae
248	GCA_000423025.1	Gordonia shandongensis
249	GCA_000423205.1	Jonesia quinghaiensis
250	GCA_000423445.1	Acidipropionibacterium thoenii
251	GCA_000423465.1	Propionicicella superfundia
252	GCA_000423485.1	Propionimicrobium lymphophilum
253	GCA_000423505.1	Pseudoclavibacter soli
254	GCA_000423625.1	Pseudonocardia asaccharolytica
255	GCA_000423665.1	Solirubrobacter soli
256	GCA_000425065.1	Actinomadura rifamycini
257	GCA_000425105.1	Agrococcus lahaulensis
258	GCA_000425325.1	Rathayibacter toxicus
259	GCA_000425685.1	Gulosibacter molinativorax
260	GCA_000426445.1	Brevibacterium album
261	GCA_000426525.1	Nocardioides alkalitolerans
262	GCA_000426605.1	Propionibacterium acidifaciens
263	GCA_000426645.1	Nakamurella lactea
264	GCA_000427825.1	Thermocrispum municipale
265	GCA_000427865.1	Corynebacterium sputi
266	GCA_000427885.1	Glycomyces tenuis
267	GCA_000427905.1	Thermocrispum agreste
268	GCA_000428805.1	Corynebacterium freiburgense
269	GCA_000428945.1	Hamadaea tsunoensis
270	GCA_000429025.1	Pseudonocardia spinosispora
271	GCA_000429085.1	Streptomyces flavidovirens
272	GCA_000429105.1	Schaalia suimastitidis
273	GCA_000429185.1	Actinoalloteichus cyanogriseus
274	GCA_000429225.1	Actinomyces dentalis
275	GCA_000429245.1	Schaalia georgiae
276	GCA_000429265.1	Actinomyces gerencseriae
277	GCA_000429745.1	Bifidobacterium tsurumiense
278	GCA_000430705.1	Arthrobacter castelli
279	GCA_000442645.1	Corynebacterium maris
280	GCA_000455245.1	Nesterenkonia massiliensis
281	GCA_000455305.1	Mycobacterium simiae
282	GCA_000455325.1	Mycolicibacterium septicum
283	GCA_000469485.1	Leifsonia aquatica
284	GCA_000470775.1	Leifsonia xyli subsp. cynodontis
285	GCA_000473265.1	Amycolatopsis thermoflava
286	GCA_000477555.1	Leifsonia rubra
287	GCA_000478275.1	Amycolatopsis orientalis
288	GCA_000478885.1	Adlercreutzia equolifaciens subsp. equolifaciens
289	GCA_000482705.1	Glycomyces arizonensis
290	GCA_000482865.1	Actinokineospora inagensis
291	GCA_000483125.1	Atopobium fossor
292	GCA_000494755.1	Actinoplanes friuliensis
293	GCA_000497205.1	Saccharopolyspora rectivirgula
294	GCA_000497265.2	Mycobacteroides abscessus subsp. massiliense
295	GCA_000497425.1	Streptomyces niveus
296	GCA_000504245.1	Haloechinothrix halophila
297	GCA_000504285.1	Actinospica robiniae
298	GCA_000504975.1	Mycobacterium avium subsp. silvaticum
299	GCA_000514775.1	Salinispora pacifica
300	GCA_000515355.1	Promicromonospora kroppenstedtii
301	GCA_000515395.1	Jiangella gansuensis
302	GCA_000518265.1	Actinomadura oligospora
303	GCA_000519205.1	Amycolatopsis taiwanensis
304	GCA_000519325.1	Patulibacter minatonensis
305	GCA_000522505.1	Bifidobacterium moukalabense
306	GCA_000525635.1	Kutzneria albida
307	GCA_000525655.1	Corynebacterium falsenii
308	GCA_000526915.1	Mycobacterium genavense
309	GCA_000527155.1	Haloglycomyces albus
310	GCA_000550785.1	Corynebacterium casei
311	GCA_000550805.1	Corynebacterium vitaeruminis
312	GCA_000559085.2	Mycolicibacterium aromaticivorans
313	GCA_000564855.1	Actinokineospora spheciospongiae
314	GCA_000576575.1	Intrasporangium chromatireducens
315	GCA_000577555.1	Corynebacterium jeddahense
316	GCA_000585375.1	Cryptosporangium arvum
317	GCA_000590555.1	Corynebacterium argentoratense
318	GCA_000603945.1	Actinotalea ferrariae
319	GCA_000612725.1	Mycolicibacterium austroafricanum
320	GCA_000612825.1	Mycolicibacterium mageritense
321	GCA_000613185.1	Mycolicibacterium cosmeticum
322	GCA_000613245.1	Mycobacterium asiaticum
323	GCA_000620785.1	Pseudonocardia acaciae
324	GCA_000626675.1	Corynebacterium glyciniphilum
325	GCA_000688395.1	Haematomicrobium sanguinis
326	GCA_000688415.1	Corynebacterium pseudodiphtheriticum
327	GCA_000689255.1	Mycobacterium triplex
328	GCA_000695625.1	Amycolatopsis rifamycinica
329	GCA_000696185.1	Kitasatospora cheerisanensis
330	GCA_000699505.1	Rhodoluna lacicola
331	GCA_000711965.1	Actinomyces israelii
332	GCA_000715605.1	Streptomyces speibonae
333	GCA_000715615.1	Streptomyces cinnabarinus
334	GCA_000715635.1	Streptomyces violaceus
335	GCA_000715685.1	Streptomyces lilacinus
336	GCA_000715845.1	Streptomyces monomycini
337	GCA_000715855.1	Actinoplanes liguriensis
338	GCA_000715915.1	Saccharopolyspora phatthalungensis
339	GCA_000715975.1	Sphaerisporangium viridialbum
340	GCA_000716135.1	Nonomuraea kuesteri
341	GCA_000716445.1	Streptomyces wedmorensis
342	GCA_000716465.1	Streptomyces bikiniensis
343	GCA_000716545.1	Kitasatospora phosalacinea
344	GCA_000716675.1	Streptomyces alboflavus
345	GCA_000716715.1	Dactylosporangium aurantiacum
346	GCA_000716785.1	Amycolatopsis vancoresmycina
347	GCA_000716805.1	Streptomyces yerevanensis
348	GCA_000716875.1	Streptomyces novaecaesareae
349	GCA_000717025.1	Streptomyces atroolivaceus
350	GCA_000717055.1	Streptomyces iakyrus
351	GCA_000717135.1	Catenuloplanes japonicus
352	GCA_000717335.1	Amycolatopsis jejuensis
353	GCA_000717745.1	Streptomyces violens
354	GCA_000717995.1	Streptomyces violaceorubidus
355	GCA_000718015.1	Streptomyces catenulae
356	GCA_000718025.1	Kitasatospora purpeofusca
357	GCA_000718085.1	Mycetocola saprophilus
358	GCA_000718095.1	Streptomyces scopuliridis
359	GCA_000718135.1	Streptomyces cyaneofuscatus
360	GCA_000718155.1	Streptomyces lavendulae subsp. lavendulae
361	GCA_000718255.1	Spirillospora albida
362	GCA_000718305.1	Streptomyces niger
363	GCA_000718625.1	Streptomyces lavenduligriseus
364	GCA_000718635.1	Streptomyces varsoviensis
365	GCA_000718695.1	Streptomyces puniceus
366	GCA_000718985.1	Streptomyces megasporus
367	GCA_000719025.1	Kineosporia aurantiaca
368	GCA_000719135.1	Streptomyces avicenniae
369	GCA_000720335.1	Marmoricola aequoreus
370	GCA_000720425.1	Nocardia rhamnosiphila
371	GCA_000720455.1	Streptomyces virginiae
372	GCA_000720475.1	Streptomyces aureocirculatus
373	GCA_000720485.1	Streptomyces ochraceiscleroticus
374	GCA_000720535.1	Streptomyces halstedii
375	GCA_000720555.1	Streptomyces sclerotialus
376	GCA_000720835.1	Streptomyces achromogenes subsp. achromogenes
377	GCA_000720925.1	Phycicoccus jejuensis
378	GCA_000720995.1	Streptomyces celluloflavus
379	GCA_000721075.1	Streptosporangium amethystogenes subsp. amethystogenes
380	GCA_000721235.1	Streptomyces olivaceus
381	GCA_000723385.1	Mycolicibacterium farcinogenes
382	GCA_000724065.1	Mycolicibacterium neoaurum
383	GCA_000724605.1	Actinotignum schaalii
384	GCA_000725475.1	Streptomyces durhamensis
385	GCA_000725485.1	Nonomuraea candida
386	GCA_000725545.1	Streptomyces exfoliatus
387	GCA_000725805.1	Streptomyces xanthophaeus
388	GCA_000725885.1	Streptomyces albus
389	GCA_000732925.1	Amycolatopsis japonica
390	GCA_000732945.1	Corynebacterium atypicum
391	GCA_000737845.1	Bifidobacterium bombi
392	GCA_000738005.1	Bifidobacterium crudilactis
393	GCA_000738775.1	Rhodococcus defluvii
394	GCA_000739045.1	Streptomyces luteus
395	GCA_000739085.1	Amycolatopsis methanolica
396	GCA_000741135.1	Bifidobacterium choerinum
397	GCA_000741165.1	Bifidobacterium biavatii
398	GCA_000741175.1	Bifidobacterium callitrichos
399	GCA_000741205.1	Bifidobacterium gallicum
400	GCA_000741215.1	Bifidobacterium pullorum subsp. gallinarum
401	GCA_000741285.1	Bifidobacterium mongoliense
402	GCA_000741325.1	Bifidobacterium pseudolongum subsp. pseudolongum
403	GCA_000741365.1	Bifidobacterium ruminantium
404	GCA_000741375.1	Bifidobacterium pullorum subsp. saeculare
405	GCA_000741455.1	Bifidobacterium thermacidophilum subsp. thermacidophilum
406	GCA_000741525.1	Bifidobacterium bohemicum
407	GCA_000741535.1	Bifidobacterium boum
408	GCA_000741575.1	Bifidobacterium cuniculi
409	GCA_000741645.1	Bifidobacterium minimum
410	GCA_000741695.1	Bifidobacterium reuteri
411	GCA_000741715.1	Bifidobacterium saguini
412	GCA_000741775.1	Bifidobacterium subtile
413	GCA_000741785.1	Bifidobacterium stellenboschense
414	GCA_000744225.1	Kitasatospora mediocidica
415	GCA_000744655.1	Streptacidiphilus rugosus
416	GCA_000744705.1	Streptacidiphilus albus
417	GCA_000744785.1	Kitasatospora azatica
418	GCA_000744815.1	Streptacidiphilus oryzae
419	GCA_000745345.1	Streptomyces yeochonensis
420	GCA_000747315.1	Corynebacterium ureicelerivorans
421	GCA_000761055.1	Rhodococcus fascians
422	GCA_000762985.1	Mycolicibacterium rufum
423	GCA_000763375.1	Microbacterium profundi
424	GCA_000764165.1	Cryobacterium roopkundense
425	GCA_000767055.1	Corynebacterium doosanense
426	GCA_000767165.1	Cellulomonas bogoriensis
427	GCA_000767255.1	Corynebacterium auriscanis
428	GCA_000768675.1	Knoellia flava
429	GCA_000768685.1	Knoellia subterranea
430	GCA_000768695.1	Knoellia aerolata
431	GCA_000768705.1	Knoellia sinensis
432	GCA_000771045.1	Bifidobacterium porcinum
433	GCA_000771265.1	Bifidobacterium thermophilum
434	GCA_000771405.1	Bifidobacterium pullorum subsp. pullorum
435	GCA_000786195.1	Kocuria polaris
436	GCA_000787775.1	Streptacidiphilus carbonis
437	GCA_000787815.1	Streptacidiphilus neutrinimicus
438	GCA_000787835.1	Streptacidiphilus melanogenes
439	GCA_000787855.1	Streptacidiphilus anmyonensis
440	GCA_000802235.1	Sinomonas humi
441	GCA_000802245.2	Streptomyces pluripotens
442	GCA_000802305.1	Microbacterium mangrovi
443	GCA_000805385.1	Mycolicibacterium setense
444	GCA_000819445.1	Corynebacterium humireducens
445	GCA_000820725.1	Actinomyces polynesiensis
446	GCA_000826185.2	Microbacterium gorillae
447	GCA_000826525.2	Mobilicoccus massiliensis
448	GCA_000826685.1	Streptomonospora alba
449	GCA_000830005.1	Streptomyces vietnamensis
450	GCA_000833575.1	Corynebacterium singulare
451	GCA_000835165.1	Corynebacterium marinum
452	GCA_000938265.1	Agreia bicolorata
453	GCA_000940845.1	Propionibacterium freudenreichii
454	GCA_000948395.1	Frankia torreyi
455	GCA_000949255.1	Ferrimicrobium acidiphilum
456	GCA_000949295.1	Acidithrix ferrooxidans
457	GCA_000950575.1	Psychromicrobium lacuslunae
458	GCA_000955965.1	Streptomyces variegatus
459	GCA_000956465.1	Microbacterium trichothecenolyticum
460	GCA_000956535.1	Microbacterium ginsengisoli
461	GCA_000956545.1	Microbacterium azadirachtae
462	GCA_000956575.1	Microbacterium ketosireducens
463	GCA_000962825.1	Actinoplanes rectilineatus
464	GCA_000964005.1	Williamsia herbipolensis
465	GCA_000969705.1	Nitriliruptor alkaliphilus
466	GCA_000971135.1	Demequina phytophila
467	GCA_000971155.1	Demequina maris
468	GCA_000971175.1	Demequina pelophila
469	GCA_000971195.1	Demequina soli
470	GCA_000971215.1	Demequina silvatica
471	GCA_000971235.1	Demequina subtropica
472	GCA_000971255.1	Demequina rhizosphaerae
473	GCA_000971395.1	Demequina iriomotensis
474	GCA_000974445.1	Lentzea aerocolonigenes
475	GCA_000974805.1	Demequina salsinemoris
476	GCA_000975035.1	Demequina flava
477	GCA_000975055.1	Demequina sediminicola
478	GCA_000975075.1	Demequina lutea
479	GCA_000975095.1	Demequina aestuarii
480	GCA_000975115.1	Demequina oxidasica
481	GCA_000975135.1	Demequina aurantiaca
482	GCA_000975155.1	Demequina globuliformis
483	GCA_000975265.1	Mycobacterium lepromatosis
484	GCA_000980815.1	Corynebacterium camporealensis
485	GCA_000981225.1	Allosalinactinospora lopnorensis
486	GCA_000981895.1	Streptomyces odonnellii
487	GCA_000993785.3	Streptomyces xiamenensis
488	GCA_001005085.2	Streptomyces humi
489	GCA_001005295.1	Streptomyces yangpuensis
490	GCA_001013905.1	Streptomyces leeuwenhoekii
491	GCA_001020985.1	Corynebacterium mustelae
492	GCA_001021025.1	Corynebacterium epidermidicanis
493	GCA_001021045.1	Corynebacterium testudinoris
494	GCA_001021065.1	Corynebacterium uterequi
495	GCA_001025135.1	Bifidobacterium bifidum
496	GCA_001025155.1	Bifidobacterium angulatum
497	GCA_001025195.1	Bifidobacterium catenulatum subsp. catenulatum
498	GCA_001025215.1	Bifidobacterium pseudocatenulatum
499	GCA_001029505.1	Rubrobacter aplysinae
500	GCA_001042615.1	Bifidobacterium catenulatum subsp. kashiwanohense
501	GCA_001042635.1	Bifidobacterium scardovii
502	GCA_001042655.1	Gardnerella vaginalis
503	GCA_001042675.1	Parascardovia denticolens
504	GCA_001042695.1	Scardovia inopinata
505	GCA_001044235.1	Mycolicibacterium chlorophenolicum
506	GCA_001044245.1	Mycolicibacterium obuense
507	GCA_001046855.1	Tetrasphaera japonica
508	GCA_001046875.1	Tetrasphaera jenkinsii
509	GCA_001046895.1	Pseudarthrobacter siccitolerans
510	GCA_001050015.1	Mycolicibacterium malmesburyense
511	GCA_001050075.1	Mycolicibacterium fortuitum subsp. fortuitum
512	GCA_001053185.1	Mycobacterium bohemicum
513	GCA_001182745.2	Nocardia farcinica
514	GCA_001186365.1	Gordonia jacobaea
515	GCA_001188955.3	Kitasatospora aureofaciens
516	GCA_001190945.1	Luteipulveratus mongoliensis
517	GCA_001245615.1	Mycolicibacterium neworleansense
518	GCA_001247745.1	Luteipulveratus halotolerans
519	GCA_001263395.1	Bifidobacterium actinocoloniiforme
520	GCA_001267885.1	Streptomyces ambofaciens
521	GCA_001270025.1	Streptomyces azureus
522	GCA_001270575.1	Streptomyces decoyicus
523	GCA_001270745.1	Jiangella muralis
524	GCA_001273835.1	Leucobacter celer subsp. astrifaciens
525	GCA_001273845.1	Leucobacter musarum subsp. musarum
526	GCA_001273855.1	Leucobacter japonicus
527	GCA_001274895.1	Corynebacterium lactis
528	GCA_001277995.1	Corynebacterium deserti
529	GCA_001280205.1	Clavibacter capsici
530	GCA_001293125.1	Lawsonella clevelandensis
531	GCA_001294335.1	Streptomyces chattanoogensis
532	GCA_001302585.1	Kibdelosporangium phytohabitans
533	GCA_001305675.1	Gordonia phthalatica
534	GCA_001315685.1	Kineosporia succinea
535	GCA_001403775.1	Dermabacter indicis
536	GCA_001412085.1	Corynebacterium lowii
537	GCA_001412105.1	Corynebacterium oculi
538	GCA_001417815.1	Bifidobacterium aesculapii
539	GCA_001418125.1	Streptomyces almquistii
540	GCA_001418135.1	Streptomyces aureus
541	GCA_001418325.1	Streptomyces atriruber
542	GCA_001418335.1	Streptomyces aurantiacus
543	GCA_001418415.1	Streptomyces hirsutus
544	GCA_001418495.1	Streptomyces pathocidini
545	GCA_001418505.1	Streptomyces flocculus
546	GCA_001418545.1	Streptomyces gibsonii
547	GCA_001418565.1	Streptomyces graminilatus
548	GCA_001418575.1	Streptacidiphilus griseoplanus
549	GCA_001418655.1	Streptomyces phaeochromogenes
550	GCA_001419685.1	Streptomyces puniciscabiei
551	GCA_001419705.1	Streptomyces prasinus
552	GCA_001419745.1	Streptomyces silaceus
553	GCA_001438885.1	Lancefieldella rimae
554	GCA_001441165.1	Acidipropionibacterium acidipropionici
555	GCA_001445655.1	Streptomyces roseifaciens
556	GCA_001445835.1	Streptomyces vitaminophilus
557	GCA_001456355.1	Mycobacteroides saopaulense
558	GCA_001456955.1	Microbacterium enclense
559	GCA_001457435.1	Actinobaculum massiliense
560	GCA_001457455.1	Corynebacterium diphtheriae subsp. diphtheriae
561	GCA_001457595.1	Mycolicibacterium smegmatis
562	GCA_001469025.1	Trueperella bernardiae
563	GCA_001482365.1	Kocuria flava
564	GCA_001484625.1	Streptomyces kanasensis
565	GCA_001485495.1	Gordonia desulfuricans
566	GCA_001493375.1	Streptomyces specialis
567	GCA_001494635.1	Olsenella scatoligenes
568	GCA_001509405.1	Aeromicrobium erythreum
569	GCA_001513955.1	Streptomyces pseudovenezuelae
570	GCA_001513965.1	Streptomyces cellostaticus
571	GCA_001513975.1	Streptomyces curacoi
572	GCA_001514035.1	Streptomyces yokosukanensis
573	GCA_001514055.1	Streptomyces corchorusii
574	GCA_001514115.1	Streptomyces olivochromogenes
575	GCA_001514125.1	Streptomyces longwoodensis
576	GCA_001514145.1	Streptomyces canus
577	GCA_001514195.1	Streptomyces griseorubiginosus
578	GCA_001514205.1	Streptomyces griseoruber
579	GCA_001514215.1	Streptomyces bungoensis
580	GCA_001514235.1	Streptomyces caeruleatus
581	GCA_001514265.1	Streptomyces resistomycificus
582	GCA_001515525.1	Piscicoccus intestinalis
583	GCA_001517975.1	Thermobifida cellulosilytica
584	GCA_001528665.1	Microtetraspora malaysiensis
585	GCA_001542625.2	Streptomyces griseochromogenes
586	GCA_001552175.1	Actinomadura kijaniata
587	GCA_001552195.1	Actinomadura latina
588	GCA_001552215.1	Actinomadura macra
589	GCA_001552235.1	Actinomadura rubrobrunea
590	GCA_001552335.1	Granulicoccus phenolivorans
591	GCA_001552355.1	Microbacterium resistens
592	GCA_001552375.1	Cellulomonas iranensis
593	GCA_001552415.1	Corynebacterium xerosis
594	GCA_001552435.1	Kribbia dieselivorans
595	GCA_001552475.1	Microbacterium oleivorans
596	GCA_001552515.1	Sphaerimonospora mesophila
597	GCA_001552535.1	Nocardioides jensenii
598	GCA_001552555.1	Nocardiopsis trehalosi
599	GCA_001552615.1	Millisia brevis
600	GCA_001552635.1	Actinomadura hibisca
601	GCA_001552695.1	Nocardiopsis dassonvillei subsp. albirubida
602	GCA_001552735.1	Sanguibacter suarezii
603	GCA_001552855.1	Skermania piniformis
604	GCA_001553455.1	Streptomyces hygroscopicus subsp. hygroscopicus
605	GCA_001553565.1	Actinomyces radicidentis
606	GCA_001567585.1	Micromonospora rosaria
607	GCA_001570365.1	Microtetraspora fusca
608	GCA_001570385.1	Microtetraspora glauca
609	GCA_001570405.1	Microtetraspora niveoalba
610	GCA_001570425.1	Mycolicibacterium brisbanense
611	GCA_001570445.1	Mycolicibacterium canariasense
612	GCA_001570465.1	Mycolicibacterium fortuitum subsp. acetamidolyticum
613	GCA_001570485.1	Mycolicibacterium novocastrense
614	GCA_001570545.1	Herbidospora mongoliensis
615	GCA_001570565.1	Herbidospora yilanensis
616	GCA_001570585.1	Herbidospora daliensis
617	GCA_001570605.1	Herbidospora cretacea
618	GCA_001570765.1	Nocardiopsis listeri
619	GCA_001570785.1	Dermabacter hominis
620	GCA_001570805.1	Brevibacterium epidermidis
621	GCA_001570845.1	Dietzia papillomatosis
622	GCA_001570905.1	Zimmermannella alba
623	GCA_001570925.1	Gulosibacter bifidus
624	GCA_001570945.1	Janibacter anophelis
625	GCA_001570965.1	Janibacter corallicola
626	GCA_001570985.1	Janibacter limosus
627	GCA_001571005.1	Herbiconiux solani
628	GCA_001571045.1	Curtobacterium ammoniigenes
629	GCA_001571065.1	Dietzia cinnamea
630	GCA_001575205.1	Tsukamurella pseudospumae
631	GCA_001577305.1	Sinomonas atrocyanea
632	GCA_001580365.1	Kocuria turfanensis
633	GCA_001583415.1	Mycolicibacterium phlei
634	GCA_001584615.1	Brevibacterium ravenspurgense
635	GCA_001591405.1	Janibacter terrae
636	GCA_001592045.1	Thermobifida fusca
637	GCA_001592125.1	Microbacterium hominis
638	GCA_001592365.1	Gordonia hydrophobica
639	GCA_001605725.1	Mycobacteroides immunogenum
640	GCA_001611855.1	Mycobacterium chelonae subsp. bovis
641	GCA_001612635.1	Nocardia africana
642	GCA_001612685.1	Nocardia altamirensis
643	GCA_001612725.1	Nocardia anaemiae
644	GCA_001612745.1	Nocardia amamiensis
645	GCA_001612765.1	Nocardia arthritidis
646	GCA_001612785.1	Nocardia beijingensis
647	GCA_001612885.1	Nocardia harenae
648	GCA_001612945.1	Nocardia inohanensis
649	GCA_001612965.1	Nocardia kruczakiae
650	GCA_001613005.1	Nocardia nova
651	GCA_001613025.1	Nocardia jinanensis
652	GCA_001613045.1	Nocardia lijiangensis
653	GCA_001613065.1	Nocardia miyunensis
654	GCA_001613085.1	Nocardia salmonicida subsp. salmonicida
655	GCA_001613125.1	Nocardia shimofusensis
656	GCA_001613145.1	Nocardia jejuensis
657	GCA_001613205.1	Nocardia sienata
658	GCA_001613225.1	Nocardia pseudovaccinii
659	GCA_001613245.1	Nocardia speluncae
660	GCA_001613265.1	Nocardia vermiculata
661	GCA_001613305.1	Nocardia vaccinii
662	GCA_001613325.1	Nocardia yamanashiensis
663	GCA_001613345.1	Nocardia uniformis
664	GCA_001613365.1	Nocardia xishanensis
665	GCA_001613385.1	Nocardia flavorosea
666	GCA_001613405.1	Nocardia crassostreae
667	GCA_001613425.1	Nocardia vulneris
668	GCA_001613445.1	Nocardia grenadensis
669	GCA_001613465.1	Nocardia niwae
670	GCA_001613505.1	Nocardia mikamii
671	GCA_001618405.1	Nocardia arizonensis
672	GCA_001620365.2	Amycolatopsis keratiniphila subsp. keratiniphila
673	GCA_001625085.1	Nocardia acidivorans
674	GCA_001636295.1	Isoptericola dokdonensis
675	GCA_001642025.1	Cutibacterium namnetense
676	GCA_001643015.1	Corynebacterium crudilactis
677	GCA_001643775.1	Denitrobacterium detoxificans
678	GCA_001646645.1	Rhodococcus hoagii
679	GCA_001646735.1	Rhodococcus opacus
680	GCA_001646745.1	Rhodococcus qingshengii
681	GCA_001646785.1	Rhodococcus phenolicus
682	GCA_001646865.1	Aldersonia kunmingensis
683	GCA_001653075.1	Planomonospora sphaerica
684	GCA_001653095.1	Hoyosella altamirensis
685	GCA_001653335.1	Nocardioides dokdonensis
686	GCA_001659785.1	Dietzia timorensis
687	GCA_001660045.1	Streptomyces parvulus
688	GCA_001660385.1	Thermobifida halotolerans
689	GCA_001660485.1	Agromyces aureus
690	GCA_001678905.1	Dermabacter vaginalis
691	GCA_001685355.1	Streptomyces lincolnensis
692	GCA_001687305.1	Actinomyces vulturis
693	GCA_001692445.1	Oerskovia enterophila
694	GCA_001693815.1	Tessaracoccus lapidicaptus
695	GCA_001698225.1	Gordonia terrae
696	GCA_001700505.1	Streptomyces mutomycini
697	GCA_001700515.1	Streptomyces lushanensis
698	GCA_001701025.1	Lentzea guizhouensis
699	GCA_001704275.1	Streptomyces noursei
700	GCA_001704635.1	Streptomyces sparsogenes
701	GCA_001747425.1	Actinoalloteichus hymeniacidonis
702	GCA_001751245.1	Streptomyces oceani
703	GCA_001751275.1	Streptomyces nanshensis
704	GCA_001854225.1	Rhodoluna planktonica
705	GCA_001854525.1	Mycobacterium talmoniae
706	GCA_001854695.1	Frankia soli
707	GCA_001856685.1	Actinomyces tangfeifanii
708	GCA_001879105.1	Streptomyces gilvigriseus
709	GCA_001894765.1	Rhodococcus corynebacterioides
710	GCA_001894805.1	Rhodococcus globerulus
711	GCA_001894885.1	Rhodococcus marinonascens
712	GCA_001894945.1	Rhodococcus ruber
713	GCA_001895005.1	Rhodococcus yunnanensis
714	GCA_001895025.1	Rhodococcus zopfii
715	GCA_001896135.2	Streptomyces phaeoluteigriseus
716	GCA_001905345.1	Streptomyces uncialis
717	GCA_001906585.1	Streptomyces kebangsaanensis
718	GCA_001907235.1	Buchananella hordeovulneris
719	GCA_001907245.1	Actinomyces liubingyangii
720	GCA_001907295.1	Bowdeniella nasicola
721	GCA_001921205.1	Actinophytocola xanthii
722	GCA_001921215.1	Actinophytocola xinjiangensis
723	GCA_001936115.1	Boudabousia marimammalium
724	GCA_001940455.1	Actinokineospora bangkokensis
725	GCA_001941345.1	Corynebacterium stationis
726	GCA_001941425.1	Corynebacterium ammoniagenes
727	GCA_001941445.1	Corynebacterium aquilae
728	GCA_001941465.1	Corynebacterium flavescens
729	GCA_001941485.1	Corynebacterium frankenforstense
730	GCA_001941505.1	Corynebacterium sphenisci
731	GCA_001941565.1	Corynebacterium phocae
732	GCA_001942625.1	Mycobacterium syngnathidarum
733	GCA_001953865.1	Amycolatopsis coloradensis
734	GCA_001953875.1	Streptomyces amritsarensis
735	GCA_001956585.1	Actinomyces naeslundii
736	GCA_001956915.1	Intrasporangium flavum
737	GCA_001968835.1	Tersicoccus phoenicis
738	GCA_001974985.1	Microbacterium aurum
739	GCA_001983105.1	Frankia asymbiotica
740	GCA_001995215.1	Amycolatopsis azurea
741	GCA_001997295.1	Tessaracoccus flavus
742	GCA_001997345.1	Tessaracoccus aquimaris
743	GCA_001998865.1	Tessaracoccus flavescens
744	GCA_001999765.1	Sinomonas mesophila
745	GCA_002072175.1	Actinomyces gaoshouyii
746	GCA_002078235.1	Streptomyces viridosporus
747	GCA_002081715.1	Nocardia donostiensis
748	GCA_002086115.1	Mycolicibacterium bacteremicum
749	GCA_002086125.1	Mycobacterium arosiense
750	GCA_002086155.1	Mycobacterium angelicum
751	GCA_002086175.1	Mycolicibacterium celeriflavum
752	GCA_002086215.1	Mycobacterium heidelbergense
753	GCA_002086275.1	Mycobacterium intermedium
754	GCA_002086285.1	Mycolicibacter kumamotonensis
755	GCA_002086335.1	Mycobacterium mantenii
756	GCA_002086345.1	Mycobacterium marseillense
757	GCA_002086395.1	Mycolicibacterium moriokaense
758	GCA_002086405.1	Mycolicibacter minnesotensis
759	GCA_002086415.1	Mycobacterium noviomagense
760	GCA_002086455.1	Mycolicibacter algericus
761	GCA_002086475.1	Mycobacterium paraseoulense
762	GCA_002086485.1	Mycobacterium aquaticum
763	GCA_002086515.1	Mycolicibacter arupensis
764	GCA_002086575.1	Mycobacterium branderi
765	GCA_002086635.1	Mycobacterium alsense
766	GCA_002086655.1	Mycolicibacterium monacense
767	GCA_002086675.1	Mycobacterium persicum
768	GCA_002086695.1	Mycolicibacterium rhodesiae
769	GCA_002086735.1	Mycobacterium scrofulaceum
770	GCA_002086755.1	Mycobacterium shinjukuense
771	GCA_002086815.1	Mycolicibacterium parafortuitum
772	GCA_002093975.1	Thermoactinospora rubra
773	GCA_002096055.1	Cnuibacter physcomitrellae
774	GCA_002101585.1	Mycolicibacter engbaekii
775	GCA_002101595.1	Mycobacterium celatum
776	GCA_002101635.1	Mycobacterium florentinum
777	GCA_002101655.1	Mycolicibacter hiberniae
778	GCA_002101675.1	Mycobacterium gordonae
779	GCA_002101705.1	Mycolicibacterium iranicum
780	GCA_002101735.1	Mycobacterium kyorinense
781	GCA_002101745.1	Mycobacterium kubicae
782	GCA_002101775.1	Mycolicibacter nonchromogenicus
783	GCA_002101785.1	Mycobacterium palustre
784	GCA_002101815.1	Mycobacterium paraense
785	GCA_002101845.1	Mycobacterium riyadhense
786	GCA_002101875.1	Mycobacterium saskatchewanense
787	GCA_002101885.1	Mycolicibacter senuensis
788	GCA_002101905.1	Mycobacterium shimoidei
789	GCA_002101965.1	Mycolicibacterium wolinskyi
790	GCA_002101995.1	Mycolicibacterium fallax
791	GCA_002102065.1	Mycolicibacterium conceptionense
792	GCA_002102095.1	Mycobacterium conspicuum
793	GCA_002102105.1	Mycolicibacterium confluentis
794	GCA_002102115.1	Mycolicibacterium doricum
795	GCA_002102155.1	Mycobacterium europaeum
796	GCA_002102175.1	Mycobacterium gastri
797	GCA_002102185.1	Mycobacterium fragae
798	GCA_002102215.1	Mycobacterium lacus
799	GCA_002102255.1	Mycobacterium nebraskense
800	GCA_002102265.1	Mycolicibacter longobardus
801	GCA_002102335.1	Mycobacterium parmense
802	GCA_002102345.1	Mycolicibacterium peregrinum
803	GCA_002102355.1	Mycobacterium sherrisii
804	GCA_002102395.1	Mycolicibacillus trivialis
805	GCA_002104675.1	Mycobacterium decipiens
806	GCA_002104765.1	Mycolicibacterium vulneris
807	GCA_002104795.1	Mycolicibacillus koreensis
808	GCA_002105755.1	Mycobacterium colombiense
809	GCA_002116635.1	Mycobacterium szulgai
810	GCA_002148965.1	Streptomyces swartbergensis
811	GCA_002149015.1	Gordonia lacunae
812	GCA_002150705.1	Streptomyces acidiscabies
813	GCA_002150735.1	Streptomyces africanus
814	GCA_002150765.1	Lentzea kentuckyensis
815	GCA_002150845.1	Streptomyces griseocarneus
816	GCA_002154345.1	Streptomyces setonii
817	GCA_002154375.1	Streptomyces glaucescens
818	GCA_002154505.1	Streptomyces carpinensis
819	GCA_002154555.1	Streptomyces murinus
820	GCA_002154575.1	Streptomyces bobili
821	GCA_002154585.1	Streptomyces pseudogriseolus
822	GCA_002154615.1	Streptomyces recifensis
823	GCA_002154675.1	Streptomyces reticuliscabiei
824	GCA_002155265.1	Corynebacterium pseudotuberculosis
825	GCA_002155885.1	Streptomyces rhizosphaericus
826	GCA_002155895.1	Streptomyces rochei
827	GCA_002155905.1	Streptomyces tricolor
828	GCA_002155915.1	Streptomyces thermovulgaris
829	GCA_002155975.1	Amycolatopsis kentuckyensis
830	GCA_002155995.1	Crossiella equi
831	GCA_002156005.1	Amycolatopsis lexingtonensis
832	GCA_002157835.1	Mycobacterium dioxanotrophicus
833	GCA_002210435.1	Micromonospora wenchangensis
834	GCA_002214185.1	Streptomyces capitiformicae
835	GCA_002216795.1	Brachybacterium avium
836	GCA_002217755.1	Streptomyces hyaluromycini
837	GCA_002219285.1	Mycobacterium intracellulare subsp. chimaera
838	GCA_002234405.1	Amycolatopsis thailandensis
839	GCA_002234535.1	Actinoalloteichus hoggarensis
840	GCA_002234595.1	Amycolatopsis vastitatis
841	GCA_002234915.1	Bifidobacterium vansinderenii
842	GCA_002240355.1	Prauserella marina
843	GCA_002240565.1	Clavibacter insidiosus
844	GCA_002240575.1	Clavibacter michiganensis subsp. michiganensis
845	GCA_002240635.1	Clavibacter tessellarius
846	GCA_002245535.1	Mycobacterium lehmannii
847	GCA_002245615.1	Mycobacterium neumannii
848	GCA_002250655.1	Mycolicibacterium sphagni
849	GCA_002259585.1	Bombiscardovia coagulans
850	GCA_002259595.1	Aeriscardovia aeriphila
851	GCA_002259605.1	Pseudoscardovia radai
852	GCA_002259645.1	Bifidobacterium tissierii
853	GCA_002259665.1	Bifidobacterium lemurum
854	GCA_002259685.1	Bifidobacterium eulemuris
855	GCA_002259705.1	Alloscardovia macacae
856	GCA_002259745.1	Bifidobacterium myosotis
857	GCA_002259755.1	Bifidobacterium hapali
858	GCA_002259795.1	Bifidobacterium aquikefiri
859	GCA_002262875.1	Amycolatopsis antarctica
860	GCA_002263495.1	Nocardiopsis gilva
861	GCA_002263515.1	Actinopolyspora erythraea
862	GCA_002286915.1	Bifidobacterium italicum
863	GCA_002286935.1	Bifidobacterium criceti
864	GCA_002355495.1	Streptomyces laurentii
865	GCA_002355535.1	Aurantimicrobium minutum
866	GCA_002355935.1	Rothia aeria
867	GCA_002356315.1	Mycobacterium shigaense
868	GCA_002356335.1	Mycobacterium stephanolepidis
869	GCA_002407065.1	Brachybacterium ginsengisoli
870	GCA_002407185.1	Brachybacterium vulturis
871	GCA_002553505.1	Mycolicibacterium agri
872	GCA_002553585.1	Mycolicibacterium duvalii
873	GCA_002563675.1	Propionicimonas paludicola
874	GCA_002563715.1	Isoptericola jiangsuensis
875	GCA_002563925.1	Serinibacter salmoneus
876	GCA_002563955.1	Microbacterium agarici
877	GCA_002564005.1	Sanguibacter antarcticus
878	GCA_002564025.1	Flavimobilis soli
879	GCA_002564045.1	Amycolatopsis sulphurea
880	GCA_002591975.1	Mycobacterium neglectum
881	GCA_002592005.1	Mycobacterium palauense
882	GCA_002706665.1	Bifidobacterium pseudolongum subsp. globosum
883	GCA_002715865.1	Bifidobacterium asteroides
884	GCA_002797495.1	Mumia flava
885	GCA_002797595.1	Sediminihabitans luteus
886	GCA_002797685.1	Salinibacterium amurskyense
887	GCA_002797715.1	Diaminobutyricimonas aerilata
888	GCA_002797775.1	Glutamicibacter mysorens
889	GCA_002797855.1	Compostimonas suwonensis
890	GCA_002797875.1	Pseudoscardovia suis
891	GCA_002798015.1	Luteimicrobium subarcticum
892	GCA_002798405.1	Glycomyces xiaoerkulensis
893	GCA_002813205.1	Bifidobacterium psychraerophilum
894	GCA_002813375.1	Pseudonocardia alni
895	GCA_002836395.1	Nocardioides alpinus
896	GCA_002843305.1	Streptomyces barkulensis
897	GCA_002846365.1	Nocardia fluminea
898	GCA_002846475.1	Saccharopolyspora spinosa
899	GCA_002846495.1	Phycicoccus duodecadis
900	GCA_002846615.1	Amycolatopsis niigatensis
901	GCA_002850745.1	Nonomuraea indica
902	GCA_002860345.1	Bifidobacterium anseris
903	GCA_002860355.1	Bifidobacterium margollesii
904	GCA_002860365.1	Bifidobacterium parmae
905	GCA_002860405.1	Bifidobacterium imperatoris
906	GCA_002891295.1	Streptomyces eurocidicus
907	GCA_002899695.1	Rubneribacter badeniensis
908	GCA_002899715.1	Enteroscipio rubneri
909	GCA_002909375.1	Cryobacterium zongtaii
910	GCA_002911015.1	Streptomyces populi
911	GCA_002926165.1	Micromonospora chalcea
912	GCA_002927275.1	Arthrobacter pityocampae
913	GCA_002932875.1	Rathayibacter tritici
914	GCA_002934265.1	Actinokineospora auranticolor
915	GCA_002934625.1	Kineococcus xinjiangensis
916	GCA_002936985.1	Microterricola pindariensis
917	GCA_002938425.1	Blastococcus atacamensis
918	GCA_002946835.1	Streptomyces dengpaensis
919	GCA_002950575.1	Pontimonas salivibrio
920	GCA_002954225.1	Arthrobacter ruber
921	GCA_002954245.1	Cryobacterium aureum
922	GCA_002954775.1	Streptomyces geranii
923	GCA_002982315.1	Leucobacter massiliensis
924	GCA_002995495.1	Actinocorallia populi
925	GCA_003001815.1	Actinoplanes italicus
926	GCA_003001935.1	Nonomuraea fuscirosea
927	GCA_003001955.1	Prauserella shujinwangii
928	GCA_003002055.1	Kineococcus rhizosphaerae
929	GCA_003002065.1	Pseudosporangium ferrugineum
930	GCA_003002095.1	Allonocardiopsis opalescens
931	GCA_003002815.1	Umezawaea tangerina
932	GCA_003002915.1	Geodermatophilus tzadiensis
933	GCA_003002955.1	Glycomyces artemisiae
934	GCA_003003265.1	Glaciihabitans tibetensis
935	GCA_003014485.1	Murinocardiopsis flavida
936	GCA_003014675.1	Labedella gwakjiensis
937	GCA_003014735.1	Saccharothrix carnea
938	GCA_003030305.1	Cutibacterium acnes subsp. acnes
939	GCA_003044275.1	Rathayibacter caricis
940	GCA_003047265.1	Nocardioides terrigena
941	GCA_003047285.1	Nocardioides allogilvus
942	GCA_003047295.1	Nocardioides sediminis
943	GCA_003053965.1	Saccharopolyspora kobensis
944	GCA_003054555.1	Streptomyces lunaelactis
945	GCA_003057875.1	Nocardioides currus
946	GCA_003065425.1	Mycetocola zhujimingii
947	GCA_003065485.1	Salinibacterium hongtaonis
948	GCA_003067705.1	Planctomonas deserti
949	GCA_003073135.1	Euzebya rosea
950	GCA_003074135.1	Euzebya tangerina
951	GCA_003075095.1	Blastococcus litoris
952	GCA_003076135.1	Nocardioides gansuensis
953	GCA_003096075.1	Dietzia lutea
954	GCA_003096095.1	Dietzia psychralcaliphila
955	GCA_003096675.1	Actinomycetospora cinnamomea
956	GCA_003096955.1	Williamsia marianensis
957	GCA_003097495.1	Amnibacterium flavum
958	GCA_003097515.1	Streptomyces tirandamycinicus
959	GCA_003112515.1	Streptomyces fragilis
960	GCA_003112535.1	Streptomyces rishiriensis
961	GCA_003112555.1	Streptomyces coelicoflavus
962	GCA_003112575.1	Streptomyces ardesiacus
963	GCA_003112595.1	Streptomyces rubrogriseus
964	GCA_003121295.1	Streptomyces orinoci
965	GCA_003122365.1	Streptomyces spongiicola
966	GCA_003129905.1	Bifidobacterium callitrichidarum
967	GCA_003129925.1	Bifidobacterium catulorum
968	GCA_003130585.1	Brachybacterium endophyticum
969	GCA_003131265.1	Cutibacterium acnes subsp. elongatum
970	GCA_003148865.1	Lentzea deserti
971	GCA_003149145.1	Quadrisphaera granulorum
972	GCA_003149195.1	Branchiibius hedensis
973	GCA_003160695.1	Nocardioides silvaticus
974	GCA_003182135.1	Nocardia neocaledoniensis
975	GCA_003182415.1	Actinokineospora mzabensis
976	GCA_003182485.1	Geodermatophilus normandii
977	GCA_003185895.1	Cryobacterium arcticum
978	GCA_003185915.1	Arthrobacter psychrochitiniphilus
979	GCA_003194585.1	Nocardioides daejeonensis
980	GCA_003194605.1	Nocardioides gilvus
981	GCA_003194625.1	Nocardioides solisilvae
982	GCA_003202005.1	Williamsia faeni
983	GCA_003202065.1	Nocardia tenerifensis
984	GCA_003202275.1	Prauserella coralliicola
985	GCA_003217475.1	Williamsia limnetica
986	GCA_003217635.1	Arthrobacter stackebrandtii
987	GCA_003219795.1	Arthrobacter psychrolactophilus
988	GCA_003219815.1	Arthrobacter livingstonensis
989	GCA_003226595.1	Modestobacter versicolor
990	GCA_003226895.2	Kocuria tytonis
991	GCA_003236305.1	Micromonospora endophytica
992	GCA_003253475.1	Micromonospora phaseoli
993	GCA_003254575.1	Mycobacterium kyogaense
994	GCA_003258295.1	Streptacidiphilus pinicola
995	GCA_003258605.2	Streptacidiphilus bronchialis
996	GCA_003259845.1	Actinoplanes lutulentus
997	GCA_003260015.1	Nakamurella deserti
998	GCA_003260025.2	Microbispora triticiradicis
999	GCA_003261055.1	Streptomyces cadmiisoli
1000	GCA_003261635.1	Kribbella monticola
1001	GCA_003264365.1	Micromonospora noduli
1002	GCA_003265345.1	Lentzea terrae
1003	GCA_003265355.1	Glycomyces dulcitolivorans
1004	GCA_003265665.1	Streptomyces qinglanensis
1005	GCA_003268675.1	Streptomyces bacillaris
1006	GCA_003269295.1	Lentzea atacamensis
1007	GCA_003270085.1	Streptomyces triticisoli
1008	GCA_003285565.1	Corynebacterium heidelbergense
1009	GCA_003288095.1	Rhodococcus biphenylivorans
1010	GCA_003289645.1	Actinomadura craniellae
1011	GCA_003293675.1	Gardnerella leopoldii
1012	GCA_003312875.1	Amycolatopsis albispora
1013	GCA_003315035.1	Nocardia puris
1014	GCA_003315795.1	Spongiactinospora rosea
1015	GCA_003323715.1	Streptomyces diacarni
1016	GCA_003323735.1	Streptomyces reniochalinae
1017	GCA_003323745.1	Sphaerisporangium album
1018	GCA_003325455.1	Acidipropionibacterium virtanenii
1019	GCA_003337235.1	Halopolyspora algeriensis
1020	GCA_003339645.1	Microbacterium arborescens
1021	GCA_003339815.1	Eggerthella sinensis
1022	GCA_003344635.1	Desertihabitans aurantiacus
1023	GCA_003350445.1	Lentzea flaviverrucosa
1024	GCA_003350525.1	Nocardia mexicana
1025	GCA_003350585.1	Nocardia pseudobrasiliensis
1026	GCA_003351045.1	Gaiella occulta
1027	GCA_003352835.1	Ornithinimicrobium murale
1028	GCA_003355155.1	Streptomyces armeniacus
1029	GCA_003355475.1	Brachybacterium saurashtrense
1030	GCA_003367705.1	Microbacterium foliorum
1031	GCA_003369445.1	Arthrobacter silvisoli
1032	GCA_003385185.1	Amycolatopsis palatopharyngis
1033	GCA_003385215.1	Amycolatopsis thermalba
1034	GCA_003385235.1	Amycolatopsis circi
1035	GCA_003386075.1	Citricoccus muralis
1036	GCA_003386555.1	Thermomonospora umbrina
1037	GCA_003386795.1	Thermasporomyces composti
1038	GCA_003386865.1	Calidifontibacter indicus
1039	GCA_003387075.1	Asanoa ferruginea
1040	GCA_003389455.1	Streptomyces inhibens
1041	GCA_003390495.1	Mycobacterium chelonae subsp. gwanakae
1042	GCA_003391395.1	Mycobacterium marinum
1043	GCA_003397585.1	Gardnerella piotii
1044	GCA_003397705.1	Gardnerella swidsinskii
1045	GCA_003416765.1	Olsenella faecalis
1046	GCA_003426775.1	Allorhizocola rhizosphaerae
1047	GCA_003426815.1	Desertimonas flava
1048	GCA_003428925.1	Streptomyces koyangensis
1049	GCA_003470205.1	Cellulomonas rhizosphaerae
1050	GCA_003515065.1	Nocardioides immobilis
1051	GCA_003515945.1	Dermacoccus abyssi
1052	GCA_003568865.1	Rubrobacter indicoceani
1053	GCA_003569805.1	Microbacterium halotolerans
1054	GCA_003584745.1	Mycobacterium pseudoshottsii
1055	GCA_003586285.1	Aeromicrobium endophyticum
1056	GCA_003589885.1	Thermomonospora amylolytica
1057	GCA_003609715.1	Mycobacteroides abscessus subsp. bolletii
1058	GCA_003610235.1	Catellatospora citrea
1059	GCA_003610395.1	Dietzia kunjamensis subsp. kunjamensis
1060	GCA_003610785.1	Micromonospora globbae
1061	GCA_003614435.1	Mycobacterium paragordonae
1062	GCA_003626535.1	Streptomyces hoynatensis
1063	GCA_003626635.1	Micromonospora musae
1064	GCA_003626645.1	Streptomyces klenkii
1065	GCA_003626655.1	Micromonospora costi
1066	GCA_003633685.1	Micromonospora pisi
1067	GCA_003633755.1	Solirubrobacter pauli
1068	GCA_003634095.1	Arthrobacter oryzae
1069	GCA_003634525.1	Williamsia muralis
1070	GCA_003634555.1	Frondihabitans australicus
1071	GCA_003634705.1	Actinomadura pelletieri
1072	GCA_003634935.1	Saccharothrix australiensis
1073	GCA_003634995.1	Saccharothrix variisporea
1074	GCA_003635025.1	Saccharopolyspora antimicrobica
1075	GCA_003635045.1	Terracoccus luteus
1076	GCA_003651225.1	Microbacterium telephonicum
1077	GCA_003660455.1	Nocardioides ferulae
1078	GCA_003663795.1	Actinokineospora cianjurensis
1079	GCA_003667205.1	Kocuria indica
1080	GCA_003667225.1	Kocuria rhizophila
1081	GCA_003667525.1	Mycetocola reblochoni
1082	GCA_003667545.1	Mycetocola manganoxydans
1083	GCA_003667575.1	Mycetocola lacteus
1084	GCA_003668565.1	Mycetocola zhadangensis
1085	GCA_003674065.1	Marmoricola mangrovicus
1086	GCA_003675955.1	Streptomyces rapamycinicus
1087	GCA_003687455.1	Kocuria tytonicola
1088	GCA_003688935.1	Corynebacterium macginleyi
1089	GCA_003693265.1	Corynebacterium gottingense
1090	GCA_003703835.1	Auritidibacter ignavus
1091	GCA_003711105.1	Actinoplanes teichomyceticus
1092	GCA_003716585.1	Corynebacterium alimapuense
1093	GCA_003725295.1	Slackia faecicanis
1094	GCA_003725335.1	Adlercreutzia caecicola
1095	GCA_003725535.1	Marmoricola pocheonensis
1096	GCA_003725695.1	Marmoricola ginsengisoli
1097	GCA_003725775.1	Marmoricola solisilvae
1098	GCA_003725955.1	Slackia isoflavoniconvertens
1099	GCA_003725995.1	Slackia equolifaciens
1100	GCA_003726015.1	Adlercreutzia equolifaciens subsp. celatus
1101	GCA_003726035.1	Paraeggerthella hongkongensis
1102	GCA_003751225.1	Actinocorallia herbida
1103	GCA_003751265.1	Pseudokineococcus lusitanus
1104	GCA_003751605.1	Kitasatospora cineracea
1105	GCA_003751805.1	Salana multivorans
1106	GCA_003751945.1	Couchioplanes caeruleus subsp. caeruleus
1107	GCA_003752005.1	Saccharothrix texasensis
1108	GCA_003752125.1	Amycolatopsis eurytherma
1109	GCA_003752405.1	Bogoriella caseilytica
1110	GCA_003752415.1	Luteococcus japonicus
1111	GCA_003752465.1	Agrococcus jenensis
1112	GCA_003752505.1	Marmoricola aurantiacus
1113	GCA_003755125.1	Plantibacter flavus
1114	GCA_003797185.1	Gordonia oryzae
1115	GCA_003814695.1	Myceligenerans xiligouense
1116	GCA_003814705.1	Georgenia muralis
1117	GCA_003814885.1	Kitasatospora niigatensis
1118	GCA_003850045.1	Aeromicrobium camelliae
1119	GCA_003857015.1	Micromonospora globispora
1120	GCA_003865135.1	Streptomyces chrestomyceticus
1121	GCA_003865155.1	Streptomyces paromomycinus
1122	GCA_003931915.1	Saccharopolyspora rhizosphaerae
1123	GCA_003932715.1	Streptomyces tsukubensis
1124	GCA_003952265.1	Flaviflexus salsibiostraticola
1125	GCA_003990045.1	Labedella endophytica
1126	GCA_003990875.1	Rhodococcus erythropolis
1127	GCA_003991875.1	Microbacterium lemovicicum
1128	GCA_003994255.1	Brachybacterium paraconglomeratum
1129	GCA_004011095.1	Rathayibacter rathayi
1130	GCA_004011115.1	Rathayibacter iranicus
1131	GCA_004011135.1	Rathayibacter festucae
1132	GCA_004011505.1	Nonomuraea polychroma
1133	GCA_004011865.1	Rhodococcus agglutinans
1134	GCA_004014795.1	Mycolicibacterium brumae
1135	GCA_004014805.1	Mycolicibacterium elephantis
1136	GCA_004025845.1	Janibacter hoylei
1137	GCA_004028095.1	Paenarthrobacter ureafaciens
1138	GCA_004028235.1	Leucobacter muris
1139	GCA_004028635.1	Streptomyces cyaneus
1140	GCA_004102025.1	Actinomyces qiguomingii
1141	GCA_004104015.1	Actinomyces oricola
1142	GCA_004114655.2	Cellulosimicrobium terreum
1143	GCA_004114895.1	Corynebacterium pelargi
1144	GCA_004121315.1	Oerskovia turbata
1145	GCA_004122735.1	Streptomyces sioyaensis
1146	GCA_004125245.1	Streptomyces lydicus
1147	GCA_004127445.1	Streptomyces alfalfae
1148	GCA_004134805.1	Agromyces atrinae
1149	GCA_004134825.1	Agromyces albus
1150	GCA_004134865.1	Agromyces fucosus
1151	GCA_004134905.2	Aeromicrobium ginsengisoli
1152	GCA_004135055.1	Agromyces binzhouensis
1153	GCA_004136555.1	Kocuria carniphila
1154	GCA_004136565.1	Rothia kristinae
1155	GCA_004136575.1	Rothia koreensis
1156	GCA_004136635.1	Rothia halotolerans
1157	GCA_004137235.1	Nocardioides ganghwensis
1158	GCA_004137245.1	Nocardioides glacieisoli
1159	GCA_004137255.1	Nocardioides oleivorans
1160	GCA_004138495.1	Phytoactinopolyspora endophytica
1161	GCA_004138525.1	Haloactinopolyspora alba
1162	GCA_004168035.1	Nocardioides iriomotensis
1163	GCA_004195735.1	Streptomyces albidoflavus
1164	GCA_004208635.1	Leucobacter triazinivorans
1165	GCA_004216555.1	Herbihabitans rhizosphaerae
1166	GCA_004216665.1	Agromyces ramosus
1167	GCA_004216855.1	Microcella alkaliphila
1168	GCA_004216915.1	Motilibacter rhizosphaerae
1169	GCA_004217135.1	Micromonospora violae
1170	GCA_004217175.1	Leucobacter luti
1171	GCA_004217185.1	Pseudonocardia sediminis
1172	GCA_004217455.1	Blastococcus saxobsidens
1173	GCA_004217495.1	Microterricola gilva
1174	GCA_004217545.1	Krasilnikovia cinnamomea
1175	GCA_004217565.1	Zhihengliuella halotolerans
1176	GCA_004217615.1	Micromonospora kangleipakensis
1177	GCA_004306155.1	Cellulomonas biazotea
1178	GCA_004310685.1	Glaciihabitans arcticus
1179	GCA_004322855.1	Egibacter rhizosphaerae
1180	GCA_004324765.1	Propioniciclava tarda
1181	GCA_004328625.1	Streptomyces seoulensis
1182	GCA_004331345.1	Kribbella soli
1183	GCA_004331435.1	Kribbella sindirgiensis
1184	GCA_004331465.1	Kribbella pittospori
1185	GCA_004339125.1	Nocardia alba
1186	GCA_004345645.1	Actinocrispum wychmicini
1187	GCA_004348335.1	Actinomadura bangladeshensis
1188	GCA_004348415.1	Streptomyces hainanensis
1189	GCA_004348455.1	Kribbella albertanoniae
1190	GCA_004349055.1	Kribbella antibiotica
1191	GCA_004349235.1	Actinomadura darangshiensis
1192	GCA_004354905.1	Mycobacterium eburneum
1193	GCA_004355025.1	Mycobacteroides franklinii
1194	GCA_004355245.1	Mycobacterium chelonae subsp. chelonae
1195	GCA_004361965.1	Pseudonocardia autotrophica
1196	GCA_004362215.1	Actinoplanes brasiliensis
1197	GCA_004362375.1	Ponticoccus gilvus
1198	GCA_004362495.1	Nocardia ignorata
1199	GCA_004362515.1	Actinokineospora alba
1200	GCA_004362825.1	Labedaea rhizosphaerae
1201	GCA_004363075.1	Actinorugispora endophytica
1202	GCA_004363095.1	Actinomycetospora succinea
1203	GCA_004364325.1	Actinophytocola oryzae
1204	GCA_004364555.1	Amnibacterium kyonggiense
1205	GCA_004364585.1	Nesterenkonia aurantiaca
1206	GCA_004364645.1	Naumannella halotolerans
1207	GCA_004364865.1	Ilumatobacter fluminis
1208	GCA_004365915.1	Cryobacterium psychrophilum
1209	GCA_004365925.1	Amycolatopsis arida
1210	GCA_004382825.2	Corynebacterium silvaticum
1211	GCA_004402405.1	Cryobacterium levicorallinum
1212	GCA_004519295.1	Cellulosimicrobium funkei
1213	GCA_004526345.1	Ornithinimicrobium flavum
1214	GCA_004563975.1	Micrococcus lylae
1215	GCA_004564075.1	Microbacterium sediminis
1216	GCA_004564325.1	Cryobacterium psychrotolerans
1217	GCA_004570845.1	Leifsonia flava
1218	GCA_004684805.1	Streptomyces palmae
1219	GCA_004777465.1	Nocardioides daphniae
1220	GCA_004924335.1	Mycobacteroides salmoniphilum
1221	GCA_005519465.1	Streptomyces clavuligerus
1222	GCA_005670655.1	Mycolicibacterium phocaicum
1223	GCA_005845365.1	Rhodoluna limnophila
1224	GCA_005862235.1	Saccharomonospora piscinae
1225	GCA_005863225.1	Nocardia cyriacigeorgica
1226	GCA_006094415.1	Micrococcus luteus
1227	GCA_006094695.1	Kocuria rosea
1228	GCA_006351005.1	Miniimonas arenae
1229	GCA_006519705.1	Ornithinimicrobium kibberense
1230	GCA_006538705.1	Cellulomonas uda
1231	GCA_006538725.1	Cellulomonas gelida
1232	GCA_006538745.1	Cellulomonas cellasea
1233	GCA_006539145.1	Microbacterium testaceum
1234	GCA_006539165.1	Streptomyces cacaoi subsp. cacaoi
1235	GCA_006539185.1	Streptomyces gardneri
1236	GCA_006539525.1	Glutamicibacter nicotianae
1237	GCA_006539765.1	Microbacterium liquefaciens
1238	GCA_006539825.1	Corynebacterium variabile
1239	GCA_006539885.1	Kocuria varians
1240	GCA_006546825.1	Actinomyces oris
1241	GCA_006546835.1	Actinomyces johnsonii
1242	GCA_006715095.1	Yimella lutea
1243	GCA_006715175.1	Curtobacterium citreum
1244	GCA_006716065.1	Salinispora arenicola
1245	GCA_006716115.1	Subtercola boreus
1246	GCA_006716125.1	Homoserinimonas aerilata
1247	GCA_006716545.1	Microcella putealis
1248	GCA_006788935.1	Streptomyces cavourensis
1249	GCA_007828155.1	Brevibacterium jeotgali
1250	GCA_007829565.1	Prauserella rugosa
1251	GCA_007970465.1	Corynebacterium nuruki
1252	GCA_007988785.1	Agrococcus baldri
1253	GCA_007989225.1	Cellulomonas hominis
1254	GCA_007989825.1	Cellulomonas persica
1255	GCA_007990265.1	Cellulomonas terrae
1256	GCA_007990715.1	Nocardia seriolae
1257	GCA_007991475.1	Actinotalea fermentans
1258	GCA_007993965.1	Prauserella muralis
1259	GCA_007994185.1	Micromonospora endolithica
1260	GCA_008001015.1	Serinicoccus profundi
1261	GCA_008011915.1	Rhodococcus rhodnii
1262	GCA_008017415.1	Microbacterium hatanonis
1263	GCA_008085895.1	Actinomadura chibensis
1264	GCA_008326345.1	Cutibacterium modestum
1265	GCA_008329645.1	Mycobacterium grossiae
1266	GCA_008632535.1	Streptomyces parvus
1267	GCA_008634025.1	Streptomyces albofaciens
1268	GCA_008693065.1	Corynebacterium tuscaniense
1269	GCA_008698235.1	Bifidobacterium rousetti
1270	GCA_008704395.1	Streptomyces alboniger
1271	GCA_008704425.1	Streptomyces fradiae
1272	GCA_008704495.1	Streptomyces kanamyceticus
1273	GCA_008704655.1	Streptomyces rimosus subsp. rimosus
1274	GCA_008704795.1	Streptomyces spectabilis
1275	GCA_008704855.1	Streptomyces platensis
1276	GCA_008704995.1	Streptomyces nodosus
1277	GCA_008831045.1	Adlercreutzia muris
1278	GCA_008868025.1	Microbacterium oxydans
1279	GCA_008868125.1	Microbacterium maritypicum
1280	GCA_008973725.1	Arthrobacter luteolus
1281	GCA_009176265.1	Streptomyces angustmyceticus
1282	GCA_009176285.1	Rhodococcus aetherivorans
1283	GCA_009371885.1	Bifidobacterium tibiigranuli
1284	GCA_009497075.1	Nonomuraea phyllanthi
1285	GCA_009498035.1	Saccharothrix syringae
1286	GCA_009600885.1	Streptomyces jumonjinensis
1287	GCA_009602465.1	Cumulibacter manganitolerans
1288	GCA_009649075.1	Aeromicrobium yanjiei
1289	GCA_009741445.1	Mycobacterium avium subsp. avium
1290	GCA_009811595.1	Streptomyces libani subsp. libani
1291	GCA_009858255.1	Nocardia caishijiensis
1292	GCA_009936235.1	Mycobacterium xenopi
1293	GCA_010509075.1	Collinsella aerofaciens
1294	GCA_900046455.1	Cellulomonas timonensis
1295	GCA_900046475.1	Collinsella ihuae
1296	GCA_900049755.1	Corynebacterium provencense
1297	GCA_900067705.1	Nocardioides massiliensis
1298	GCA_900070355.1	Devriesea agamarum
1299	GCA_900078305.2	Corynebacterium bouchesdurhonense
1300	GCA_900078545.1	Olegusella massiliensis
1301	GCA_900078665.2	Mycolicibacterium houstonense
1302	GCA_900078675.2	Mycobacterium interjectum
1303	GCA_900078685.2	Mycobacterium icosiumassiliensis
1304	GCA_900089585.1	Micromonospora sediminicola
1305	GCA_900089595.1	Micromonospora auratinigra
1306	GCA_900089605.1	Micromonospora narathiwatensis
1307	GCA_900090225.1	Micromonospora eburnea
1308	GCA_900090235.1	Micromonospora echinaurantiaca
1309	GCA_900090265.1	Micromonospora rifamycinica
1310	GCA_900090275.1	Micromonospora zamorensis
1311	GCA_900090285.1	Micromonospora inositola
1312	GCA_900090295.1	Micromonospora coxensis
1313	GCA_900090305.1	Micromonospora siamensis
1314	GCA_900090315.1	Micromonospora citrea
1315	GCA_900090325.1	Micromonospora pallida
1316	GCA_900091415.1	Micromonospora inyonensis
1317	GCA_900091425.1	Micromonospora krabiensis
1318	GCA_900091445.1	Micromonospora echinofusca
1319	GCA_900091455.1	Micromonospora coriariae
1320	GCA_900091465.1	Micromonospora rhizosphaerae
1321	GCA_900091475.1	Micromonospora chersina
1322	GCA_900091495.1	Micromonospora echinospora
1323	GCA_900091505.1	Micromonospora chokoriensis
1324	GCA_900091515.1	Micromonospora purpureochromogenes
1325	GCA_900091535.1	Micromonospora carbonacea
1326	GCA_900091545.1	Micromonospora viridifaciens
1327	GCA_900091585.1	Micromonospora nigra
1328	GCA_900091615.1	Micromonospora yangpuensis
1329	GCA_900091625.1	Micromonospora peucetia
1330	GCA_900092135.1	Raineyella antarctica
1331	GCA_900092335.1	Corynebacterium phoceense
1332	GCA_900098745.1	Actinomyces glycerinitolerans
1333	GCA_900099705.1	Agrococcus jejuensis
1334	GCA_900099725.1	Rhodococcus triatomae
1335	GCA_900099975.1	Arthrobacter cupressi
1336	GCA_900099985.1	Thermostaphylospora chromogena
1337	GCA_900100315.1	Streptomyces indicus
1338	GCA_900100695.1	Klenkia brasiliensis
1339	GCA_900100805.1	Arthrobacter crystallopoietes
1340	GCA_900100885.1	Microbacterium pygmaeum
1341	GCA_900100925.1	Actinopolyspora saharensis
1342	GCA_900101465.1	Nocardioides lianchengensis
1343	GCA_900101785.1	Auraticoccus monumenti
1344	GCA_900102025.1	Actinobaculum suis
1345	GCA_900102345.1	Leucobacter chromiiresistens
1346	GCA_900102445.1	Cellulosimicrobium cellulans
1347	GCA_900102745.1	Geodermatophilus telluris
1348	GCA_900103055.1	Bifidobacterium longum subsp. suis
1349	GCA_900103175.1	Tsukamurella pulmonis
1350	GCA_900103625.1	Corynebacterium mycetoides
1351	GCA_900103775.1	Allokutzneria albata
1352	GCA_900103785.1	Geodermatophilus siccatus
1353	GCA_900103885.1	Actinomyces ruminicola
1354	GCA_900103975.1	Klenkia soli
1355	GCA_900103985.1	Streptomyces guanduensis
1356	GCA_900104525.1	Pedococcus dokdonensis
1357	GCA_900104535.1	Nakamurella panacisegetis
1358	GCA_900104685.1	Agromyces flavus
1359	GCA_900104705.1	Agrococcus carbonis
1360	GCA_900104725.1	Actinoplanes derwentensis
1361	GCA_900104745.1	Actinopolymorpha singaporensis
1362	GCA_900104775.1	Tsukamurella tyrosinosolvens
1363	GCA_900104815.1	Streptomyces misionensis
1364	GCA_900104895.1	Microterricola viridarii
1365	GCA_900104965.1	Marmoricola scoriae
1366	GCA_900105015.1	Schaalia meyeri
1367	GCA_900105025.1	Olsenella umbonata
1368	GCA_900105045.1	Brevibacterium sandarakinum
1369	GCA_900105055.1	Amycolatopsis lurida
1370	GCA_900105065.1	Friedmanniella luteola
1371	GCA_900105195.1	Rhodococcus pyridinivorans
1372	GCA_900105205.1	Microbacterium hydrocarbonoxydans
1373	GCA_900105305.1	Corynebacterium timonense
1374	GCA_900105315.1	Brevibacterium siliguriense
1375	GCA_900105335.1	Microbacterium paraoxydans
1376	GCA_900105345.1	Arthrobacter woluwensis
1377	GCA_900105375.1	Rhodococcus jostii
1378	GCA_900105385.1	Microlunatus soli
1379	GCA_900105435.1	Gordonia malaquae
1380	GCA_900105505.1	Corynebacterium coyleae
1381	GCA_900105535.1	Pseudarthrobacter equi
1382	GCA_900105585.1	Nocardioides exalbidus
1383	GCA_900105695.1	Streptomyces melanosporofaciens
1384	GCA_900105705.1	Streptomyces griseus subsp. griseus
1385	GCA_900105715.1	Microbacterium humi
1386	GCA_900105725.1	Gordonia westfalica
1387	GCA_900105765.1	Haloactinobacterium album
1388	GCA_900105785.1	Microlunatus okinawensis
1389	GCA_900105855.1	Amycolatopsis keratiniphila subsp. nogabecina
1390	GCA_900105865.1	Arcanobacterium phocae
1391	GCA_900105895.1	Atopobium minutum
1392	GCA_900105905.1	Rhodococcus koreensis
1393	GCA_900105925.1	Jiangella alkaliphila
1394	GCA_900105945.1	Amycolatopsis tolypomycina
1395	GCA_900105965.1	Arthrobacter alpinus
1396	GCA_900106035.1	Jiangella alba
1397	GCA_900106055.1	Schaalia radingae
1398	GCA_900107105.1	Geodermatophilus africanus
1399	GCA_900108565.1	Mycolicibacterium rutilum
1400	GCA_900109245.1	Demequina mangrovi
1401	GCA_900109355.1	Nonomuraea pusilla
1402	GCA_900110255.1	Streptomyces rubidus
1403	GCA_900110555.1	Blastococcus endophyticus
1404	GCA_900111385.1	Austwickia chelonae
1405	GCA_900111805.1	Rhodococcus kroppenstedtii
1406	GCA_900112355.1	Streptomyces aidingensis
1407	GCA_900112525.1	Klenkia taihuensis
1408	GCA_900113445.1	Corynebacterium spheniscorum
1409	GCA_900113515.1	Amycolatopsis regifaucium
1410	GCA_900114035.1	Amycolatopsis sacchari
1411	GCA_900114215.1	Streptomyces pini
1412	GCA_900114845.1	Nocardioides simplex
1413	GCA_900115005.1	Pseudonocardia ammonioxydans
1414	GCA_900115095.1	Actinomadura madurae
1415	GCA_900115395.1	Geodermatophilus dictyosporus
1416	GCA_900116135.1	Saccharopolyspora flava
1417	GCA_900116145.1	Streptomyces harbinensis
1418	GCA_900116515.1	Geodermatophilus amargosae
1419	GCA_900119165.1	Amycolatopsis australiensis
1420	GCA_900119495.1	Arcanobacterium urinimassiliense
1421	GCA_900119695.1	Actinomyces urinae
1422	GCA_900119895.1	Collinsella phocaeensis
1423	GCA_900120385.1	Olsenella phocaeensis
1424	GCA_900120415.1	Varibaculum timonense
1425	GCA_900128965.1	Ferrithrix thermotolerans
1426	GCA_900129045.1	Bifidobacterium merycicum
1427	GCA_900129375.1	Streptoalloteichus hindustanus
1428	GCA_900129455.1	Jatrophihabitans endophyticus
1429	GCA_900129495.1	Geodermatophilus nigrescens
1430	GCA_900141915.1	Tessaracoccus bendigoensis
1431	GCA_900141985.1	Nocardiopsis flavescens
1432	GCA_900142065.1	Agromyces cerinus subsp. cerinus
1433	GCA_900142365.1	Pseudonocardia thermophila
1434	GCA_900142575.1	Streptomyces paucisporeus
1435	GCA_900143005.1	Cryptosporangium aurantiacum
1436	GCA_900143515.1	Micromonospora cremea
1437	GCA_900143685.1	Parolsenella massiliensis
1438	GCA_900155365.1	Collinsella bouchesdurhonensis
1439	GCA_900155435.1	Actinomyces provencensis
1440	GCA_900155535.1	Corynebacterium urinapleomorphum
1441	GCA_900155575.1	Actinotignum timonense
1442	GCA_900155595.1	Actinomyces mediterranea
1443	GCA_900155605.1	Actinomyces marseillensis
1444	GCA_900155635.1	Olsenella urininfantis
1445	GCA_900156035.1	Corynebacterium afermentans subsp. afermentans
1446	GCA_900156065.1	Micromonospora avicenniae
1447	GCA_900156315.1	Microbispora rosea subsp. rosea
1448	GCA_900156495.1	Williamsia sterculiae
1449	GCA_900156665.1	Corynebacterium appendicis
1450	GCA_900163565.1	Agrococcus casei
1451	GCA_900163655.1	Brachybacterium nesterenkovii
1452	GCA_900166915.1	Mycolicibacterium boenickei
1453	GCA_900167435.1	Marinactinospora thermotolerans
1454	GCA_900167475.1	Aeromicrobium choanae
1455	GCA_900167575.1	Okibacterium fritillariae
1456	GCA_900169065.1	Brevibacterium aurantiacum
1457	GCA_900169165.1	Brevibacterium linens
1458	GCA_900169265.1	Brevibacterium iodinum
1459	GCA_900169275.1	Brevibacterium casei
1460	GCA_900169715.1	Kocuria massiliensis
1461	GCA_900170005.1	Gordonibacter massiliensis
1462	GCA_900175965.1	Rubrobacter radiotolerans
1463	GCA_900176385.1	Janibacter indicus
1464	GCA_900176655.1	Collinsella vaginalis
1465	GCA_900176865.1	Corynebacterium fournieri
1466	GCA_900177745.1	Corynebacterium pollutisoli
1467	GCA_900184245.1	Brachybacterium massiliense
1468	GCA_900184265.1	Eggerthella timonensis
1469	GCA_900186505.1	Enorma phocaeensis
1470	GCA_900186975.1	Cutibacterium granulosum
1471	GCA_900187045.1	Dermatophilus congolensis
1472	GCA_900187065.1	Mycolicibacterium thermoresistibile
1473	GCA_900187135.1	Corynebacterium ulcerans
1474	GCA_900187145.1	Mycolicibacter terrae
1475	GCA_900187215.1	Corynebacterium imitans
1476	GCA_900187235.1	Corynebacterium urealyticum
1477	GCA_900187265.1	Rhodococcus rhodochrous
1478	GCA_900187295.1	Corynebacterium cystitidis
1479	GCA_900187395.1	Kytococcus aerolatus
1480	GCA_900187855.1	Actinomyces minihominis
1481	GCA_900188005.1	Actinoplanes regularis
1482	GCA_900188105.1	Actinomadura mexicana
1483	GCA_900188375.1	Geodermatophilus pulveris
1484	GCA_900188445.1	Actinomadura meyerae
1485	GCA_900197875.1	Frankia canadensis
1486	GCA_900199375.1	Gordonibacter urolithinfaciens
1487	GCA_900199545.1	Raoultibacter massiliensis
1488	GCA_900199705.1	Collinsella provencensis
1489	GCA_900205605.1	Corynebacterium belfantii
1490	GCA_900215145.1	Geodermatophilus sabuli
1491	GCA_900221005.1	Blastococcus aggregatus
1492	GCA_900230175.1	Salinibacterium xinjiangense
1493	GCA_900230195.1	Streptomyces zhaozhouensis
1494	GCA_900240215.1	Raoultibacter timonensis
1495	GCA_900240335.1	Sanguibacter massiliensis
1496	GCA_900289045.1	Micropruina glycogenica
1497	GCA_900312965.1	Corynebacterium diphtheriae subsp. lausannense
1498	GCA_900444995.1	Actinomyces bovis
1499	GCA_900445025.1	Schaalia odontolytica
1500	GCA_900445045.1	Actinomyces denticolens
1501	GCA_900445305.1	Fannyhessea vaginae
1502	GCA_900447205.1	Corynebacterium pilosum
1503	GCA_900447535.1	Dermacoccus nishinomiyaensis
1504	GCA_900447675.1	Corynebacterium striatum
1505	GCA_900450505.1	Slackia exigua
1506	GCA_900453085.1	Mycolicibacterium aichiense
1507	GCA_900453215.1	Mobiluncus mulieris
1508	GCA_900453315.1	Mobiluncus curtisii
1509	GCA_900453365.1	Mycolicibacterium tokaiense
1510	GCA_900453455.1	Mycolicibacterium chubuense
1511	GCA_900454025.1	Mycolicibacterium gilvum
1512	GCA_900454265.1	Nocardia brasiliensis
1513	GCA_900454305.1	Nocardia otitidiscaviarum
1514	GCA_900455725.1	Rhodococcus gordoniae
1515	GCA_900455735.1	Rhodococcus wratislaviensis
1516	GCA_900460345.1	Trueperella pyogenes
1517	GCA_900461185.1	Corynebacterium jeikeium
1518	GCA_900478035.1	Corynebacterium renale
1519	GCA_900478045.1	Corynebacterium minutissimum
1520	GCA_900478115.1	Rhodococcus coprophilus
1521	GCA_900499005.1	Actinomyces culturomici
1522	GCA_900566055.1	Mycobacterium innocens
1523	GCA_900566075.1	Mycobacterium pseudokansasii
1524	GCA_900566085.1	Mycobacterium attenuatum
1525	GCA_900603025.1	Mycolicibacterium hassiacum
1526	GCA_900605005.1	Acidipropionibacterium timonense
1527	GCA_900637145.1	Bifidobacterium breve
1528	GCA_900637175.1	Bifidobacterium dentium
1529	GCA_900637185.1	Nocardia asteroides
1530	GCA_900637195.1	Mycolicibacterium aurum
1531	GCA_900637295.1	Actinomyces slackii
1532	GCA_900637575.1	Slackia heliotrinireducens
1533	GCA_900637605.1	Corynebacterium kutscheri
1534	GCA_900637695.1	Cellulomonas fimi
1535	GCA_900637725.1	Arachnia propionica
1536	GCA_900637915.1	Propionibacterium australiense
1537	GCA_900637925.1	Acidipropionibacterium jensenii
1538	GCA_900637975.1	Actinomyces viscosus
1539	GCA_900638215.1	Nocardiopsis dassonvillei subsp. dassonvillei
1540	GCA_900659615.1	Actinomadura fibrosa
1541	GCA_900659625.1	Actinomadura formosensis
1542	jgi.1035965.1	Thermoleophilum album
1543	jgi.1048860.1	Lentzea flava
1544	jgi.1048863.1	Actinokineospora diospyrosa
1545	jgi.1048866.1	Streptoalloteichus tenebrarius
1546	jgi.1048872.1	Goodfellowiella coeruleoviolacea
1547	jgi.1048875.1	Lentzea californiensis
1548	jgi.1048878.1	Actinosynnema pretiosum subsp. pretiosum
1549	jgi.1048881.1	Actinokineospora globicatena
1550	jgi.1048884.1	Kibdelosporangium aridum subsp. aridum
1551	jgi.1048887.1	Lentzea albidocapillata subsp. albidocapillata
1552	jgi.1048911.1	Prauserella alba
1553	jgi.1048914.1	Prauserella salsuginis
1554	jgi.1048917.1	Prauserella aidingensis
1555	jgi.1048923.1	Prauserella halophila
1556	jgi.1048926.1	Williamsia maris
1557	jgi.1048929.1	Williamsia deligens
1558	jgi.1048932.1	Williamsia serinedens
1559	jgi.1052835.1	Bifidobacterium commune
1560	jgi.1053018.1	Nocardia amikacinitolerans
1561	jgi.1053042.1	Krasilnikoviella flava
1562	jgi.1053045.1	Promicromonospora thailandica
1563	jgi.1053048.1	Promicromonospora umidemergens
1564	jgi.1055168.1	Lentzea albida
1565	jgi.1055171.1	Lentzea albidocapillata subsp. violacea
1566	jgi.1055183.1	Actinokineospora terrae
1567	jgi.1055186.1	Actinopolyspora xinjiangensis
1568	jgi.1055204.1	Actinopolyspora alba
1569	jgi.1055207.1	Actinopolyspora mzabensis
1570	jgi.1055339.1	Actinopolyspora righensis
1571	jgi.1058018.1	Micrococcus terreus
1572	jgi.1058020.1	Nocardioides terrae
1573	jgi.1058080.1	Tessaracoccus oleiagri
1574	jgi.1058860.1	Micromonospora haikouensis
1575	jgi.1058864.1	Micromonospora halophytica
1576	jgi.1058866.1	Micromonospora saelicesensis
1577	jgi.1058868.1	Micromonospora tulbaghiae
1578	jgi.1058870.1	Micromonospora humi
1579	jgi.1058874.1	Micromonospora mirobrigensis
1580	jgi.1058876.1	Micromonospora chaiyaphumensis
1581	jgi.1058878.1	Micromonospora marina
1582	jgi.1058880.1	Micromonospora matsumotoense
1583	jgi.1058882.1	Geodermatophilus ruber
1584	jgi.1058884.1	Geodermatophilus saharensis
1585	jgi.1058916.1	Flavimobilis marinus
1586	jgi.1067948.1	Geodermatophilus poikilotrophus
1587	jgi.1067950.1	Lentzea waywayandensis
1588	jgi.1068000.1	Frankia irregularis
1589	jgi.1068096.1	Thermomonospora echinospora
1590	jgi.1068098.1	Amycolatopsis saalfeldensis
1591	jgi.1071276.1	Actinokineospora iranica
1592	jgi.1076174.1	Mycetocola miduiensis
1593	jgi.1076208.1	Pedococcus cremeus
1594	jgi.1076260.1	Nocardioides szechwanensis
1595	jgi.1076262.1	Nocardioides psychrotolerans
1596	jgi.1076264.1	Cryobacterium luteum
1597	jgi.1076268.1	Cryobacterium flavum
1598	jgi.1076272.1	Streptomyces glauciniger
1599	jgi.1076274.1	Streptomyces jietaisiensis
1600	jgi.1076280.1	Streptomyces yanglinensis
1601	jgi.1076286.1	Streptosporangium canum
1602	jgi.1076288.1	Streptosporangium subroseum
1603	jgi.1076290.1	Pseudonocardia oroxyli
1604	jgi.1076292.1	Glycomyces sambucus
1605	jgi.1076294.1	Herbiconiux ginsengi
1606	jgi.1076298.1	Lentzea fradiae
1607	jgi.1076300.1	Streptomyces alni
1608	jgi.1076302.1	Glycomyces harbinensis
1609	jgi.1076304.1	Streptomyces radiopugnans
1610	jgi.1076306.1	Lentzea xinjiangensis
1611	jgi.1076310.1	Saccharopolyspora shandongensis
1612	jgi.1076312.1	Micromonospora sediminimaris
1613	jgi.1076316.1	Amycolatopsis marina
1614	jgi.1084684.1	Sanguibacter gelidistatuariae
1615	jgi.1085014.1	Asanoa hainanensis
1616	jgi.1085020.1	Nonomuraea maritima
1617	jgi.1085024.1	Mycolicibacterium litorale
1618	jgi.1085040.1	Microlunatus flavus
1619	jgi.1085042.1	Actinoplanes atraurantiacus
1620	jgi.1085046.1	Cellulomonas marina
1621	jgi.1085050.1	Nonomuraea solani
1622	jgi.1085054.1	Streptomyces wuyuanensis
1623	jgi.1085064.1	Amycolatopsis xylanica
1624	jgi.1085066.1	Actinopolymorpha cephalotaxi
1625	jgi.1085070.1	Sinosporangium album
1626	jgi.1085082.1	Nonomuraea wenchangensis
1627	jgi.1085084.1	Streptacidiphilus jiangxiensis
1628	jgi.1085086.1	Lentzea jiangxiensis
1629	jgi.1085088.1	Nonomuraea jiangxiensis
1630	jgi.1085831.1	Actinoplanes philippinensis
1631	jgi.1085901.1	Amycolatopsis rubida
1632	jgi.1085903.1	Amycolatopsis pretoriensis
1633	jgi.1085905.1	Kutzneria buriramensis
1634	jgi.1089309.1	Propionibacterium cyclohexanicum
1635	jgi.1095778.1	Knoellia remsis
1636	jgi.1096495.1	Asanoa ishikariensis
1637	jgi.1102284.1	Rhodococcus kyotonensis
1638	jgi.1102286.1	Rhodococcus maanshanensis
1639	jgi.1102290.1	Rhodococcus tukisamuensis
1640	jgi.1107663.1	Actinoplanes xinjiangensis
1641	jgi.1107896.1	Micromonospora pattaloongensis
1642	jgi.1118336.1	Agreia pratensis
